71419990579577, 3, -4.6264596, -1.3748676, 7.6649137, 
71420010232910, 3, -4.5210576, -0.984401, 7.9236274, 
71420030130358, 3, -4.3869095, -0.3160565, 7.921232, 
71420049997285, 3, -4.432424, -0.524465, 8.144013, 
71420069650619, 3, -4.403678, -0.54842, 7.8086433, 
71420089731192, 3, -4.4300284, -0.7616195, 7.5882573, 
71420109384525, 3, -4.5018935, -1.1161535, 7.475669, 
71420129495619, 3, -4.5977135, -1.209578, 7.988306, 
71420149148900, 3, -4.4923115, -1.0251245, 8.088917, 
71420169229473, 3, -4.4875207, -1.0490795, 8.376377, 
71420188882806, 3, -4.65281, -1.2694654, 8.227856, 
71420208993900, 3, -4.4396105, -0.8286935, 8.309303, 
71420228647233, 3, -4.499498, -0.9053495, 8.414705, 
71420248697285, 3, -4.5018935, -1.2167645, 8.706956, 
71420268350567, 3, -4.41326, -1.3844495, 8.960879, 
71420288461660, 3, -4.4491925, -1.185623, 9.102214, 
71420308114994, 3, -4.4108644, -0.974819, 9.080654, 
71420328195567, 3, -4.303067, -1.0203335, 8.970461, 
71420347848848, 3, -4.336604, -1.185623, 8.740493, 
71420367959942, 3, -4.31744, -1.209578, 9.037535, 
71420387613275, 3, -4.1281953, -1.199996, 9.066281, 
71420407754890, 3, -4.240784, -1.1976005, 8.900991, 
71420427408223, 3, -4.101845, -1.291025, 8.946506, 
71420447458223, 3, -4.07789, -1.17125, 8.692583, 
71420467264785, 3, -3.958115, -0.9197225, 8.584785, 
71420487742077, 3, -3.8263626, -1.190414, 8.460219, 
71420507395410, 3, -3.948533, -1.305398, 8.781217, 
71420527109785, 3, -3.943742, -1.3509125, 8.733307, 
71420546824108, 3, -3.871877, -1.2215555, 8.48657, 
71420566477442, 3, -4.0707035, -0.8526485, 8.316489, 
71420586619056, 3, -4.7318616, -1.1113625, 8.189528, 
71420606272390, 3, -4.9809933, -1.0107515, 8.498548, 
71420626322390, 3, -4.925897, -1.041893, 8.865059, 
71420645975723, 3, -5.055254, -0.2106545, 9.442374, 
71420666086817, 3, -5.0049486, 0.486436, 9.066281, 
71420685740150, 3, -4.374932, -0.5699795, 8.879432, 
71420705851244, 3, -3.962906, -1.300607, 9.174079, 
71420725504525, 3, -3.4382915, -1.8156395, 8.881827, 
71420745585098, 3, -3.0454295, -2.603759, 8.393146, 
71420765238431, 3, -3.1460404, -1.9881155, 9.61485, 
71420785105358, 3, -3.129272, -2.186942, 10.060413, 
71420804972338, 3, -2.501651, -3.5883095, 8.536876, 
71420824625619, 3, -2.3076155, -3.7080846, 6.551006, 
71420844675671, 3, -2.6094484, -3.8853514, 5.4370985, 
71420864329004, 3, -3.378404, -5.09987, 5.5233364, 
71420884562181, 3, -4.087472, -5.5478287, 4.998722, 
71420904215463, 3, -4.360559, -4.3548694, 3.1517916, 
71420924296035, 3, -5.064836, -3.988358, 1.031774, 
71420943949369, 3, -6.3703833, -5.53106, 0.5598605, 
71420963999421, 3, -7.460336, -8.285885, 2.521775, 
71420983652754, 3, -7.4962683, -8.590114, 4.6944933, 
71421003794317, 3, -7.1656895, -5.885594, 5.942549, 
71421023447650, 3, -7.9609957, -7.2677975, 6.158144, 
71421043528223, 3, -8.109516, -6.0604653, 6.872003, 
71421063181556, 3, -9.223424, -0.6274715, 5.0681915, 
71421083048483, 3, -14.9319, -3.6697564, 6.2228227, 
71421102915410, 3, -13.846739, -8.496689, 7.255283, 
71421122568744, 3, -7.939436, -5.344211, 8.012261, 
71421142649317, 3, -6.2745633, -3.2816856, 6.6013117, 
71421162302650, 3, -6.219467, -2.7498846, 5.439494, 
71421182413744, 3, -6.47339, -3.034949, 4.735217, 
71421202067025, 3, -7.5777154, -2.575013, 3.8512776, 
71421222239160, 3, -8.05442, -3.2481484, 3.2044926, 
71421241892494, 3, -7.6783266, -4.1488566, 3.59975, 
71421261973067, 3, -7.560947, -3.576332, 4.4788985, 
71421281626348, 3, -7.33577, -2.5438714, 4.577114, 
71421301706921, 3, -6.9021845, -2.8169584, 3.5829816, 
71421321360254, 3, -7.249532, -4.0626187, 2.890682, 
71421341227181, 3, -7.7358184, -4.730963, 2.814026, 
71421361094160, 3, -8.052025, -4.208744, 3.9997985, 
71421380747442, 3, -8.248455, -3.432602, 5.305346, 
71421400889056, 3, -7.8795485, -2.65646, 4.926857, 
71421420542390, 3, -8.059211, -3.9476345, 4.4549437, 
71421440622963, 3, -8.792234, -4.941767, 4.8765516, 
71421460329785, 3, -9.005433, -4.5608826, 5.1352654, 
71421480318796, 3, -9.189887, -4.769291, 4.658561, 
71421500277285, 3, -8.480819, -3.3008494, 4.9436255, 
71421520144213, 3, -7.3477473, -2.967875, 4.313609, 
71421539797546, 3, -7.762169, -4.2686315, 3.9950075, 
71421560000150, 3, -8.430513, -4.199162, 4.5651364, 
71421579653483, 3, -8.085562, -3.9620075, 5.0106993, 
71421599520410, 3, -7.4771047, -4.2877955, 5.0825644, 
71421619387390, 3, -6.9453034, -4.5129724, 4.5699277, 
71421639040723, 3, -7.0075865, -4.8291783, 5.056214, 
71421659090723, 3, -7.124966, -5.6292753, 5.482613, 
71422234926921, 3, -6.674612, -3.2146115, 5.8922434, 
71422255190619, 3, -6.0350137, -3.480512, 5.7245584, 
71422275027025, 3, -5.5702863, -4.0386634, 6.033578, 
71422294802442, 3, -6.0589685, -4.242281, 6.014414, 
71422314455723, 3, -6.6578436, -4.1967664, 6.0647197, 
71422334475254, 3, -6.8446927, -4.1344833, 5.80361, 
71422354128588, 3, -6.5093226, -4.57286, 5.9497356, 
71422374209160, 3, -5.6134057, -4.6040015, 6.3761344, 
71422393862494, 3, -4.293485, -4.7189856, 7.1235304, 
71422414004056, 3, -4.274321, -5.315465, 7.4014087, 
71422433657390, 3, -5.3403187, -5.2028766, 7.2720513, 
71422453585358, 3, -4.8851733, -4.012313, 6.6348486, 
71422473482858, 3, -4.164128, -4.6950307, 6.7258773, 
71422493375150, 3, -4.1952696, -6.4772825, 7.1762314, 
71422513028431, 3, -4.6647873, -6.5587296, 6.66599, 
71422533139525, 3, -5.1007686, -6.283247, 6.3473883, 
71422552792858, 3, -5.122328, -5.852057, 5.89943, 
71422572720827, 3, -4.4635653, -6.8653536, 5.856311, 
71422592618275, 3, -4.288694, -7.845113, 6.028787, 
71422612271608, 3, -3.9700925, -6.508424, 6.047951, 
71422632352181, 3, -3.9509284, -5.7298865, 6.4000893, 
71422652005515, 3, -5.3451095, -6.77672, 6.5054917, 
71422672116608, 3, -5.2828264, -6.4102087, 5.401166, 
71422691769890, 3, -5.0959773, -5.555015, 5.152034, 
71422711911504, 3, -6.2362356, -6.671318, 4.7998953, 
71423069241817, 3, -6.832715, -6.3431344, 4.4166155, 
71423089322390, 3, -6.631493, -5.9646454, 4.4453616, 
71423109372442, 3, -6.1499977, -5.9023623, 5.2502494, 
71423129025775, 3, -5.0911865, -5.05196, 6.052742, 
71423148801140, 3, -4.8755913, -5.5717835, 6.3857164, 
71423168454473, 3, -5.0768137, -5.8352885, 5.655089, 
71423188596088, 3, -5.2349167, -5.8065424, 5.5952015, 
71423208249421, 3, -4.810913, -5.3897257, 5.46824, 
71423228329994, 3, -5.1007686, -5.205272, 5.7916327, 
71423247983275, 3, -5.8673286, -4.980095, 6.5150733, 
71423268124890, 3, -4.9953666, -4.553696, 4.946021, 
71423287778223, 3, -4.9330835, -5.8496614, 5.3077416, 
71423307858796, 3, -7.0794516, -5.7730055, 6.4192533, 
71423327512077, 3, -8.449677, -6.7407875, 6.244382, 
71423347592650, 3, -6.118856, -9.100355, 4.7855225, 
71423367245983, 3, -1.1481935, -9.311159, 2.5720806, 
71423387143431, 3, -1.5650105, -4.1057377, 1.4749415, 
71423407040931, 3, -10.327749, -11.330565, 9.928661, 
71423426694213, 3, -5.448116, -4.855529, 7.782293, 
71423446744265, 3, -0.451103, -2.876846, 5.4131436, 
71423466397598, 3, -5.9871035, -9.105146, 4.6513743, 
71423486569733, 3, -6.957281, -6.695273, 2.3948135, 
71423506483067, 3, -4.9043374, -10.281337, 0.092738, 
71423526594160, 3, -6.344033, -10.676594, 0.662867, 
71423546247494, 3, -7.9178767, -5.7969604, 3.489557, 
71423566328067, 3, -6.7680364, -4.71659, 4.409429, 
71423585981400, 3, -5.17982, -6.5778937, 5.6239476, 
71423606061921, 3, -3.2370696, -6.7599516, 7.5499296, 
71423625715254, 3, -2.35313, -6.158681, 7.6984506, 
71423645856869, 3, -2.573516, -7.2677975, 6.440813, 
71423665510202, 3, -2.602262, -8.966207, 5.817983, 
71423685590775, 3, -2.5902846, -9.93878, 4.936439, 
71423705244056, 3, -2.4609275, -8.817686, 4.7424035, 
71423725111035, 3, -4.212038, -7.797203, 4.404638, 
71423744977963, 3, -6.032618, -5.952668, 3.8704414, 
71423764631296, 3, -5.7379713, -5.0543556, 4.1435285, 
71423784711869, 3, -6.3799653, -5.756237, 4.9532075, 
71423804365150, 3, -5.625383, -5.895176, 5.405957, 
71423824567806, 3, -4.815704, -6.077234, 6.2563596, 
71423844221140, 3, -4.518662, -6.2425237, 5.9832726, 
71423864332233, 3, -4.422842, -6.1898227, 5.2454586, 
71423883985515, 3, -5.1438875, -7.49537, 4.5220175, 
71423904066088, 3, -5.175029, -7.2103057, 4.5747185, 
71423923719421, 3, -5.8050456, -5.9981823, 5.061005, 
71423943830515, 3, -6.6626344, -4.534532, 4.8861337, 
71423963483796, 3, -6.123647, -4.5704646, 5.626343, 
71423983350775, 3, -5.8912835, -5.248391, 6.062324, 
71424003217702, 3, -5.6756883, -4.6854486, 5.9353623, 
71424022871035, 3, -5.218148, -4.4363165, 5.7149763, 
71424042951608, 3, -7.1417346, -5.368166, 4.9484167, 
71424062604890, 3, -7.4339857, -4.544114, 5.334092, 
71424082807546, 3, -6.114065, -4.553696, 6.0407643, 
71424102460879, 3, -5.03609, -5.679581, 5.1879663, 
71424122388848, 3, -4.494707, -6.1898227, 5.7724686, 
71424142286296, 3, -5.318759, -6.398231, 5.362838, 
71424161939629, 3, -5.433743, -6.6353855, 5.2167125, 
71424182081244, 3, -5.548727, -6.6809, 4.7998953, 
71424201734577, 3, -6.4757857, -5.6005297, 4.672934, 
71424221815098, 3, -5.999081, -5.698745, 4.419011, 
71424241468431, 3, -5.237312, -6.316784, 4.016567, 
71424261549004, 3, -4.710302, -7.342058, 5.382002, 
71424281202338, 3, -4.4875207, -8.441592, 5.8251696, 
71424301282910, 3, -4.4060736, -7.370804, 4.6178374, 
71424320936192, 3, -4.451588, -6.7359967, 3.8608594, 
71424341047285, 3, -5.0672317, -8.561367, 3.767435, 
71424360700619, 3, -4.9091287, -8.776962, 3.877628, 
71424380628588, 3, -4.7318616, -6.96836, 3.8800235, 
71424400526035, 3, -5.328341, -7.1288586, 4.0572906, 
71424420515046, 3, -5.151074, -6.982733, 4.1004095, 
71424440168379, 3, -4.6983247, -6.4102087, 4.371101, 
71424460248952, 3, -5.6373606, -6.403022, 4.3255863, 
71424479902285, 3, -6.5716057, -7.2198877, 3.896792, 
71424499799733, 3, -6.080528, -8.901528, 2.761325, 
71424519666660, 3, -5.821814, -6.2856426, 3.221261, 
71424539505567, 3, -7.546574, -4.9633265, 3.2571936, 
71424559586140, 3, -8.052025, -5.320256, 3.4344604, 
71424579239473, 3, -6.90458, -4.855529, 3.154187, 
71424599320046, 3, -6.1787434, -6.800675, 3.3913414, 
71424618973327, 3, -6.756059, -6.0413017, 4.5555544, 
71424639084421, 3, -6.8255286, -3.073277, 5.0106993, 
71424658737754, 3, -6.914162, -5.9358997, 3.767435, 
71424678818327, 3, -6.9309306, -7.457042, 3.115859, 
71424698471660, 3, -5.151074, -7.313312, 2.7685115, 
71424718399629, 3, -5.242103, -7.581608, 3.963866, 
71424738297077, 3, -6.161975, -7.9768653, 4.5411816, 
71424757950410, 3, -5.203775, -7.706174, 3.978239, 
71424778092025, 3, -5.2349167, -8.087058, 3.479975, 
71424797745306, 3, -5.3930197, -9.023699, 3.872837, 
71424817825879, 3, -5.285222, -8.808104, 3.7889946, 
71424837479213, 3, -5.256476, -8.132573, 3.45602, 
71424857559785, 3, -4.921106, -8.302653, 1.755215, 
71424877213119, 3, -6.8207374, -8.963812, 2.732579, 
71424897293640, 3, -5.8721194, -7.749293, 3.0368075, 
71424916946973, 3, -5.452907, -8.190065, 3.0607624, 
71424937027546, 3, -5.9966855, -8.163714, 3.638078, 
71424956680879, 3, -4.7941446, -7.5983763, 4.1626925, 
71424976791973, 3, -5.031299, -8.90632, 4.7975, 
71424996445254, 3, -5.634965, -9.12431, 5.104124, 
71425016525827, 3, -4.499498, -8.887156, 3.8129494, 
71425036179160, 3, -4.058726, -9.215339, 1.985183, 
71425056107129, 3, -4.374932, -9.378233, 1.0964525, 
71425076035098, 3, -4.485125, -9.799841, 1.520456, 
71425095688431, 3, -4.4875207, -9.766304, 2.421164, 
71425115769004, 3, -4.2431793, -9.251271, 2.732579, 
71425135422338, 3, -4.719884, -7.8235536, 1.9732054, 
71425155533431, 3, -4.849241, -7.442669, 2.699042, 
71425175186713, 3, -4.3869095, -7.1623955, 4.8142686, 
71425195236765, 3, -4.954643, -6.58508, 5.0298634, 
71425214890098, 3, -5.0049486, -4.9633265, 4.002194, 
71425235001192, 3, -4.705511, -5.967041, 3.479975, 
71425254654525, 3, -5.5702863, -6.3527164, 4.006985, 
71425274765567, 3, -5.7715087, -6.882122, 4.864574, 
71425294418900, 3, -5.7379713, -6.2952247, 4.375892, 
71425314529994, 3, -5.46728, -6.206591, 3.877628, 
71425334183327, 3, -5.2876177, -6.9851284, 4.0524993, 
71425354324890, 3, -4.6647873, -6.7886977, 4.141133, 
71425373978223, 3, -4.9282923, -7.116881, 4.4405704, 
71425393875671, 3, -5.055254, -7.663055, 4.6082554, 
71425413773171, 3, -4.111427, -7.9768653, 4.5172267, 
71425433426452, 3, -3.7353334, -8.158923, 3.9902165, 
71425453507025, 3, -4.753421, -8.947043, 4.519622, 
71425473160358, 3, -4.825286, -8.360146, 4.864574, 
71425493210410, 3, -3.40715, -8.542204, 4.2585125, 
71425512863744, 3, -3.258629, -8.381705, 4.3878694, 
71425533005306, 3, -2.822648, -8.968602, 3.8704414, 
71425552757546, 3, -4.097054, -8.824873, 3.1134634, 
71425572838119, 3, -4.7270703, -7.4115276, 4.60586, 
71425592491452, 3, -4.0802855, -8.132573, 4.672934, 
71425612602546, 3, -4.4300284, -6.6066394, 3.987821, 
71425632255827, 3, -4.5210576, -8.1182, 3.800972, 
71425652336400, 3, -4.992971, -7.1623955, 3.2428205, 
71425671989733, 3, -5.294804, -6.7934885, 3.79139, 
71425691887181, 3, -5.7715087, -6.244919, 4.898111, 
71425711784681, 3, -4.849241, -6.220964, 5.5137544, 
71425731437963, 3, -4.810913, -6.1419125, 4.960394, 
71425751579577, 3, -5.256476, -5.832893, 4.232162, 
71425771232910, 3, -6.2649813, -5.8784075, 4.519622, 
71425791344004, 3, -5.505608, -5.96225, 6.0838833, 
71425810997285, 3, -4.068308, -5.8257065, 6.0695105, 
71425831108379, 3, -3.59879, -6.494051, 5.458658, 
71425850761713, 3, -3.732938, -7.4211097, 5.7724686, 
71425870842285, 3, -4.4635653, -8.295467, 5.262227, 
71425890495619, 3, -3.6107676, -7.5265117, 4.6897025, 
71425910576140, 3, -3.3807995, -9.071609, 3.5494444, 
71425930229473, 3, -3.756893, -8.087058, 3.9806345, 
71425950310046, 3, -2.980751, -8.3409815, 4.9771624, 
71425969963379, 3, -3.325703, -9.335114, 4.375892, 
71425989860827, 3, -3.1220856, -8.587718, 5.0250726, 
71426009758275, 3, -3.943742, -7.5313025, 4.141133, 
71426029411608, 3, -5.4265566, -6.939614, 4.107596, 
71426049553223, 3, -5.8337917, -7.021061, 2.924219, 
71426069206556, 3, -6.2889366, -6.014951, 2.9697335, 
71426089317598, 3, -5.390624, -6.6210127, 4.203416, 
71426108970931, 3, -6.0110583, -8.997349, 5.22869, 
71426129051504, 3, -5.673293, -6.0269284, 6.742646, 
71426148704838, 3, -1.141007, -7.710965, 6.335411, 
71426168785410, 3, -0.168434, -8.139759, 4.687307, 
71426188438692, 3, -3.699401, -8.726657, 3.9518886, 
71426208519265, 3, -6.3320556, -7.998425, 4.299236, 
71426228172598, 3, -3.4191275, -7.217492, 3.676406, 
71426248253171, 3, -2.4657185, -8.103827, 4.4932714, 
71426267906504, 3, -3.541298, -9.059631, 4.898111, 
71426287803952, 3, -3.546089, -8.008007, 4.55795, 
71426307701400, 3, -4.456379, -7.06418, 4.069268, 
71426327690410, 3, -4.3054624, -6.6401763, 4.2058115, 
71426347526869, 3, -3.871877, -7.648682, 4.9963264, 
71426367180150, 3, -3.7976165, -7.4354825, 5.56406, 
71426387260723, 3, -4.121009, -7.2534246, 5.405957, 
71426406914056, 3, -5.1582603, -8.726657, 5.85152, 
71426426994629, 3, -6.6913805, -8.899133, 4.256117, 
71426446647963, 3, -5.1486783, -6.906077, 4.5315995, 
71426466759004, 3, -3.287375, -5.967041, 3.6404736, 
71426486412338, 3, -4.4252377, -7.864277, 3.628496, 
71426506492910, 3, -6.8351107, -7.2630067, 4.419011, 
71426526146244, 3, -6.636284, -4.0626187, 5.3556514, 
71426546043692, 3, -7.038728, -3.720062, 5.693417, 
71426565910619, 3, -7.747796, -5.507105, 5.6622753, 
71426585327129, 3, -6.3176823, -4.9489536, 4.55795, 
71426605499265, 3, -5.7619267, -4.3309145, 4.423802, 
71426625152546, 3, -7.752587, -5.3466067, 3.4488335, 
71426645233119, 3, -4.9474564, -3.408647, 1.9205045, 
71426664886452, 3, -3.0837574, -6.5108194, 6.919913, 
71426684967025, 3, -9.733665, -8.161319, 3.671615, 
71426704620358, 3, -11.427284, -4.261445, 3.494348, 
71426724700931, 3, -7.091429, -4.261445, 5.9209895, 
71426744354213, 3, -5.567891, -3.9236796, 5.1208925, 
71426764465306, 3, -6.444644, -2.4240966, 5.870684, 
71426784118640, 3, -5.060045, -5.799356, 6.603707, 
71426804016088, 3, -5.232521, -6.9899197, 6.071906, 
71426823883015, 3, -5.9104476, -4.702217, 4.7376127, 
71426843536348, 3, -6.1931167, -6.2952247, 4.2297664, 
71426863586400, 3, -5.8242097, -8.163714, 5.568851, 
71426883239733, 3, -4.4875207, -6.72881, 5.6574845, 
71426903472858, 3, -4.46117, -6.1562853, 4.8142686, 
71426923126192, 3, -5.548727, -7.2342606, 4.7280307, 
71426943206765, 3, -5.89847, -6.9755464, 4.7567763, 
71426962860098, 3, -5.084, -7.3444533, 5.175989, 
71426982971192, 3, -4.1856875, -7.4833927, 5.813192, 
71427002624473, 3, -4.739048, -7.54328, 5.990459, 
71427022674525, 3, -5.9008656, -7.7325244, 4.7376127, 
71427042327858, 3, -7.043519, -7.653473, 5.568851, 
71427062225306, 3, -3.7928255, -7.744502, 4.648979, 
71427082122806, 3, -2.132744, -7.308521, 5.1496387, 
71427101776088, 3, -5.6469426, -7.576817, 5.3843975, 
71427121826140, 3, -6.291332, -6.0700474, 5.108915, 
71427141479473, 3, -4.063517, -7.35164, 4.9723716, 
71427161560046, 3, -4.5833406, -7.274984, 4.7615676, 
71427181213379, 3, -5.8050456, -7.2294693, 3.9135604, 
71427201293952, 3, -6.6865897, -6.4197903, 3.6979654, 
71427220947233, 3, -6.2410264, -5.832893, 3.288335, 
71427241149890, 3, -6.4614124, -6.2281504, 3.848882, 
71427260803223, 3, -6.4662037, -5.837684, 5.2023396, 
71427280700671, 3, -4.5593853, -6.0987935, 6.0551376, 
71427300598119, 3, -2.9687736, -5.852057, 4.9771624, 
71427320617650, 3, -6.1979074, -7.16, 5.5137544, 
71427340270983, 3, -6.401525, -6.747974, 4.783127, 
71427360168431, 3, -4.849241, -7.0522027, 3.925538, 
71427380035358, 3, -4.6983247, -7.045016, 4.1243644, 
71427399688692, 3, -5.2636623, -5.9838095, 4.399847, 
71427419799785, 3, -5.8864927, -6.494051, 4.4022427, 
71427439453119, 3, -6.267377, -6.6928773, 4.581905, 
71427459503171, 3, -5.529563, -6.355112, 4.4836893, 
71427479156452, 3, -5.366669, -8.185274, 5.80361, 
71427499267546, 3, -6.8015733, -7.1911416, 4.481294, 
71427518920879, 3, -4.5737586, -6.973151, 2.790071, 
71427538970931, 3, -3.7401245, -7.1336493, 3.2524025, 
71427558624265, 3, -6.818342, -5.7777963, 5.142452, 
71427578826869, 3, -8.217314, -6.8509803, 5.4610534, 
71427598982702, 3, -6.008663, -7.040225, 3.690779, 
71427618880150, 3, -3.512552, -6.5778937, 3.4057145, 
71427638747129, 3, -5.5175853, -8.247557, 4.5603456, 
71427658400410, 3, -6.535673, -8.717075, 4.1674833, 
71427678480983, 3, -4.154546, -8.048731, 4.0381265, 
71427698134317, 3, -4.1617327, -6.752765, 4.256117, 
71427718245410, 3, -5.8960743, -7.8906274, 4.0285444, 
71427737898744, 3, -5.9966855, -8.225998, 3.590168, 
71427757979265, 3, -5.577473, -7.0953217, 3.6500554, 
71427777632598, 3, -5.764322, -6.901286, 2.991293, 
71427797743692, 3, -6.2314444, -8.448779, 2.5672896, 
71427817397025, 3, -6.0014763, -7.001897, 2.3756495, 
71427837355515, 3, -7.168085, -6.101189, 3.4488335, 
71427857283483, 3, -7.589693, -6.8605623, 4.5938826, 
71427876936817, 3, -6.046991, -5.952668, 4.3782873, 
71427896956348, 3, -5.107955, -4.6950307, 4.763963, 
71427916609681, 3, -7.2998376, -5.4232626, 4.045313, 
71427936690202, 3, -5.936798, -5.981414, 4.141133, 
71427956343535, 3, -5.309177, -7.1863503, 4.917275, 
71427976454629, 3, -6.310496, -7.7181516, 4.907693, 
71427996107963, 3, -3.800012, -7.3684087, 3.719525, 
71428016188535, 3, -3.5389025, -8.012798, 2.9936886, 
71428035841817, 3, -4.3342085, -9.512381, 3.3721776, 
71428055983431, 3, -3.689819, -7.6702414, 3.6883836, 
71428075636765, 3, -4.135382, -6.522797, 4.5795097, 
71428095686817, 3, -4.949852, -8.899133, 4.7424035, 
71428115340150, 3, -4.767794, -8.750612, 4.9340434, 
71428135451192, 3, -2.6094484, -9.2033615, 2.905055, 
71428155104525, 3, -1.3829525, -9.771095, 1.755215, 
71428175032494, 3, -2.611844, -9.19378, 2.9745245, 
71428194929994, 3, -2.92805, -8.458361, 5.056214, 
71428214583275, 3, -2.674127, -7.83074, 5.750909, 
71428234724890, 3, -1.979432, -8.903924, 3.3578045, 
71428254378223, 3, -3.383195, -9.6776705, 2.818817, 
71428274397754, 3, -4.6456237, -7.725338, 3.1661644, 
71428294051088, 3, -4.384514, -8.463152, 2.3996046, 
71428314162129, 3, -4.7174883, -6.412604, 3.1565826, 
71428333815463, 3, -4.3964915, -6.0748386, 4.7376127, 
71428353926556, 3, -4.1377773, -7.5025563, 5.487404, 
71428373579890, 3, -4.398887, -8.031962, 5.8970346, 
71428393660463, 3, -3.6730504, -6.1179576, 5.4706354, 
71428413313744, 3, -4.264739, -7.1767683, 4.3160043, 
71428433424838, 3, -6.396734, -6.235337, 4.7280307, 
71428453078171, 3, -4.1808963, -6.8797264, 4.6034646, 
71428472975619, 3, -3.2993524, -7.615145, 4.1674833, 
71428492873067, 3, -4.4875207, -7.0282474, 4.946021, 
71428512526400, 3, -3.416732, -6.642572, 5.0969377, 
71428532637494, 3, -2.789111, -7.2677975, 4.610651, 
71428552290827, 3, -3.3328896, -8.935065, 4.438175, 
71428572371400, 3, -7.6783266, -8.846432, 5.329301, 
71428592024681, 3, -4.8612185, -5.420867, 5.8443336, 
71428612105254, 3, 0.166936, -8.384101, 3.6308916, 
71428631758796, 3, -2.6238215, -8.369727, 3.2763574, 
71428651869890, 3, -5.682875, -6.982733, 4.323191, 
71428671523223, 3, -5.6229873, -7.1623955, 5.314928, 
71428691603744, 3, -4.552199, -8.889551, 4.696889, 
71428711257077, 3, -4.9905753, -6.1275396, 4.7663584, 
71428731337650, 3, -4.858823, -4.271027, 4.117178, 
71428750990983, 3, -4.5210576, -5.329838, 4.4693165, 
71428771071556, 3, -5.970335, -5.928713, 5.784446, 
71428790724838, 3, -7.7549825, -5.1262207, 5.9114075, 
71428810622338, 3, -7.2279725, -5.53106, 5.2215037, 
71428830519785, 3, -5.3115726, -5.655626, 4.2153935, 
71428850173119, 3, -5.361878, -6.6928773, 4.193834, 
71428870314681, 3, -8.047234, -4.9297895, 4.241744, 
71428889968015, 3, -8.241269, -5.114243, 4.763963, 
71428910079108, 3, -7.834034, -7.6319137, 4.112387, 
71428929732442, 3, -5.639756, -7.490579, 4.12676, 
71428949813015, 3, -4.2144337, -6.925241, 5.065796, 
71428969466296, 3, -4.17371, -6.738392, 5.9688997, 
71428989546869, 3, -4.7749805, -6.2856426, 3.968657, 
71429009200202, 3, -8.308343, -6.819839, 3.0224345, 
71429029280775, 3, -7.340561, -7.059389, 2.172032, 
71429048934108, 3, -6.90458, -6.4533277, 2.2415016, 
71429069045150, 3, -6.71294, -4.81241, 4.7567763, 
71429088698483, 3, -5.400206, -5.535851, 5.7245584, 
71429108595931, 3, -5.591846, -5.3945165, 4.663352, 
71429128462910, 3, -3.862295, -6.2281504, 4.5076447, 
71429148116192, 3, -4.763003, -7.2677975, 4.1195736, 
71429168227285, 3, -6.9980044, -8.051126, 4.351937, 
71429187880619, 3, -4.7462344, -7.3300805, 3.542258, 
71429207869629, 3, -3.8119895, -6.834212, 4.064477, 
71429227828119, 3, -6.152393, -8.352959, 5.1256833, 
71429247725567, 3, -5.740367, -6.8605623, 4.1483197, 
71429267378900, 3, -4.590527, -7.8906274, 4.4932714, 
71429287489994, 3, -3.871877, -7.5792127, 3.59975, 
71429307143327, 3, -5.0241127, -7.9002094, 2.943383, 
71429327223900, 3, -5.7475533, -7.586399, 2.7780936, 
71429346877181, 3, -6.583583, -6.652154, 4.313609, 
71429366957754, 3, -5.2588716, -6.709646, 3.542258, 
71429386611088, 3, -4.446797, -5.8352885, 3.0511806, 
71429406508535, 3, -6.4470396, -6.2808514, 4.12676, 
71429426375515, 3, -6.9117665, -8.503876, 5.156825, 
71429446028796, 3, -7.014773, -6.048488, 4.2297664, 
71429466200931, 3, -4.2048516, -5.6484394, 4.3112135, 
71429485854265, 3, -4.480334, -7.7900167, 4.2153935, 
71429505934838, 3, -6.8830204, -6.7839065, 4.3495417, 
71429525588119, 3, -6.2649813, -8.561367, 5.243063, 
71429545699213, 3, -6.8159466, -7.3875723, 4.984349, 
71429565352546, 3, -2.7435966, -6.795884, 4.155506, 
71429585433119, 3, -3.4622464, -8.26193, 3.939911, 
71429605086452, 3, -7.5154324, -6.953987, 3.273962, 
71429625197494, 3, -6.938117, -8.07029, 3.561422, 
71429645026348, 3, -4.806122, -7.375595, 3.2236564, 
71429664923796, 3, -3.1460404, -7.8235536, 2.991293, 
71429684790775, 3, -6.28175, -8.106222, 4.093223, 
71429704444056, 3, -6.114065, -6.9132633, 3.3817594, 
71429724494108, 3, -5.472071, -7.361222, 3.6117275, 
71429744147442, 3, -5.606219, -6.6785045, 2.8164215, 
71429764380619, 3, -6.1404157, -7.5552573, 3.441647, 
71429784033900, 3, -6.468599, -7.3396626, 3.5015345, 
71429804053431, 3, -6.9644675, -6.5539384, 3.254798, 
71429823706765, 3, -7.728632, -8.446383, 3.9423065, 
71429843817858, 3, -6.631493, -5.7203045, 3.3769684, 
71429863471192, 3, -7.1608987, -5.2412043, 3.8656504, 
71429883582285, 3, -7.3908663, -5.7203045, 3.1086726, 
71429903235567, 3, -7.9178767, -5.5526195, 3.4871614, 
71429923133067, 3, -7.3573294, -7.691801, 3.805763, 
71429943030515, 3, -5.8625374, -5.8784075, 4.179461, 
71429962683848, 3, -4.418051, -5.310674, 4.8861337, 
71429982733900, 3, -5.917634, -5.9358997, 5.2789955, 
71430002387181, 3, -4.9474564, -7.385177, 4.423802, 
71430022498275, 3, -5.687666, -8.075081, 4.121969, 
71430042151608, 3, -4.073099, -8.029567, 2.7541385, 
71430062201660, 3, -5.505608, -9.071609, 3.7937856, 
71430081854994, 3, -2.9591916, -8.048731, 4.663352, 
71430102057598, 3, -4.437215, -8.978185, 3.4632065, 
71430121710931, 3, -3.2035325, -7.3540354, 3.9902165, 
71430141822025, 3, -2.6334035, -9.69923, 4.0285444, 
71430161475306, 3, -3.1939504, -7.183955, 3.69557, 
71430181555879, 3, -4.202456, -7.313312, 2.167241, 
71430201209213, 3, -5.4026017, -5.7059317, 3.901583, 
71430221076140, 3, -5.558309, -6.87254, 5.281391, 
71430240943119, 3, -4.777376, -5.4328446, 5.616761, 
71430260596400, 3, -4.307858, -7.155209, 4.7615676, 
71430280676973, 3, -6.305705, -6.5731025, 4.864574, 
71430300330306, 3, -5.342714, -6.3335524, 5.8826613, 
71430320441400, 3, -4.2288065, -5.468777, 5.0681915, 
71430340094733, 3, -5.500817, -7.605563, 4.6130466, 
71430360175306, 3, -6.497345, -5.86643, 5.1783843, 
71430379828588, 3, -3.038243, -7.437878, 5.123288, 
71430400031244, 3, -3.2897706, -8.511062, 4.9771624, 
71430419684577, 3, -4.3821187, -6.901286, 5.535314, 
71430439795619, 3, -4.0132117, -8.194856, 5.540105, 
71430459448952, 3, -3.124481, -9.035677, 5.080169, 
71430479315931, 3, -4.0754943, -7.811576, 4.385474, 
71430499182858, 3, -4.106636, -8.091849, 4.3639145, 
71430518836192, 3, -3.593999, -8.067895, 4.3184, 
71430538916713, 3, -4.470752, -7.5696306, 4.658561, 
71430558570046, 3, -2.745992, -7.068971, 5.3796067, 
71430578681140, 3, -1.447631, -7.284566, 3.6261005, 
71430598334473, 3, -4.327022, -5.325047, 2.4810514, 
71430618415046, 3, -6.2889366, -5.085497, 4.232162, 
71430638068327, 3, -7.4531493, -5.1932945, 5.8826613, 
71430658118379, 3, -9.185096, -5.77061, 4.6753297, 
71430677894265, 3, -8.332298, -9.100355, 3.446438, 
71430698005358, 3, -7.6112523, -7.849904, 2.344508, 
71430717658692, 3, -7.743005, -4.6231656, 2.339717, 
71430737617181, 3, -7.374098, -4.4554806, 1.726469, 
71430757545150, 3, -6.885416, -4.984886, 2.8595405, 
71430777198483, 3, -6.7201266, -7.2055144, 5.2646227, 
71430797279056, 3, -4.997762, -6.5874753, 5.3939795, 
71430816932338, 3, -4.384514, -7.260611, 5.9305716, 
71430837012910, 3, -6.161975, -6.87254, 5.7437224, 
71430856666244, 3, -6.497345, -6.216173, 5.635925, 
71430876746817, 3, -6.784805, -3.99794, 4.6801205, 
71430896400150, 3, -6.166766, -5.2316227, 2.919428, 
71430916480671, 3, -3.6155584, -7.4977655, 1.659395, 
71430936134004, 3, -6.3560104, -6.642572, 3.6644285, 
71430956214577, 3, -8.476028, -3.7368305, 4.035731, 
71430975867910, 3, -6.7297087, -5.813729, 4.3016315, 
71430995979004, 3, -7.374098, -5.9694366, 4.9675803, 
71431015632285, 3, -7.019564, -6.7407875, 4.89332, 
71431035712858, 3, -4.7031155, -6.9755464, 4.8046865, 
71431055366192, 3, -7.608857, -7.706174, 5.223899, 
71431075446765, 3, -7.2950463, -6.369485, 3.820136, 
71431095100098, 3, -4.6312504, -6.6066394, 2.837981, 
71431115180671, 3, -6.3128915, -4.750127, 3.341036, 
71431134833952, 3, -7.5681334, -6.8126526, 4.284863, 
71431155128171, 3, -4.5450125, -5.6149025, 3.877628, 
71431174781452, 3, -6.1260424, -5.7394686, 5.1256833, 
71431194648431, 3, -8.159822, -5.7346773, 5.693417, 
71431214301765, 3, -7.139339, -6.709646, 5.520941, 
71431234412806, 3, -3.905414, -5.4951277, 3.2571936, 
71431254066140, 3, -3.5484846, -6.815048, 3.963866, 
71431273933067, 3, -6.942908, -5.7634234, 3.748271, 
71431293800046, 3, -8.164613, -5.717909, 4.2106023, 
71431313453327, 3, -8.332298, -6.39344, 4.7615676, 
71431333564421, 3, -8.909614, -7.16, 4.1483197, 
71431353217754, 3, -5.333132, -6.5060287, 2.9122415, 
71431373298327, 3, -5.3307366, -5.8209157, 3.508721, 
71431392951660, 3, -7.2088084, -5.0160275, 3.6740105, 
71431413154265, 3, -7.268696, -6.216173, 4.351937, 
71431432807598, 3, -8.298761, -4.8243876, 4.1483197, 
71431452888171, 3, -8.305947, -6.082025, 4.850201, 
71431472541504, 3, -5.170238, -6.834212, 3.781808, 
71431492652546, 3, -4.8468456, -6.6809, 4.045313, 
71431512305879, 3, -6.070946, -6.436559, 4.131551, 
71431532172858, 3, -5.6517334, -6.292829, 3.460811, 
71431552009265, 3, -8.828167, -5.7969604, 3.7027564, 
71431571662598, 3, -8.856913, -6.546752, 4.3687053, 
71431591773640, 3, -7.6831174, -6.0173464, 3.5542355, 
71431611426973, 3, -5.5463314, -6.014951, 3.518303, 
71431631507546, 3, -5.4409294, -6.72881, 3.384155, 
71431651160879, 3, -7.0459146, -7.7133603, 4.3160043, 
71431671271973, 3, -5.845769, -6.2952247, 3.0224345, 
71431691024265, 3, -6.142811, -6.455723, 3.4296696, 
71431711104838, 3, -7.7741466, -6.834212, 3.7889946, 
71431730758171, 3, -6.5716057, -5.157362, 4.0812454, 
71431750838744, 3, -5.337923, -4.8722973, 4.5172267, 
71431770492077, 3, -5.404997, -5.8831987, 5.013095, 
71431790572650, 3, -4.7989354, -7.9097915, 4.7040753, 
71431810225931, 3, -5.9823127, -6.637781, 4.002194, 
71431830337025, 3, -7.23995, -5.8592434, 4.8573875, 
71431849990358, 3, -3.627536, -6.3766713, 4.102805, 
71431870070931, 3, -5.342714, -7.49537, 4.165088, 
71431889724213, 3, -6.1787434, -6.532379, 4.1052003, 
71431909804785, 3, -6.4039207, -7.260611, 4.850201, 
71431929458119, 3, -6.9165573, -7.0953217, 4.979558, 
71431949538692, 3, -2.9208634, -6.2329416, 3.685988, 
71431969192025, 3, -3.8263626, -7.452251, 3.609332, 
71431989272598, 3, -6.0589685, -6.292829, 4.4741073, 
71432008925879, 3, -5.591846, -5.7921696, 3.7842035, 
71432028823379, 3, -5.2397075, -6.446141, 4.1531105, 
71432048720827, 3, -6.109274, -7.145627, 3.5302806, 
71432068374160, 3, -7.584902, -6.8126526, 6.5534015, 
71432088546244, 3, -6.5668144, -7.25582, 5.880266, 
71432108199577, 3, -4.552199, -5.583761, 4.7903137, 
71432128127546, 3, -1.0523735, -7.2198877, 2.2894115, 
71432148024994, 3, -7.009982, -9.296786, 3.388946, 
71432167678327, 3, -11.324278, -2.517521, 4.960394, 
71432187758900, 3, -7.4483585, -4.2734227, 5.5377097, 
71432207412233, 3, -4.638437, -5.856848, 4.36631, 
71432227523327, 3, -5.634965, -5.085497, 4.2680945, 
71432247176608, 3, -7.838825, -6.2425237, 3.259589, 
71432267257181, 3, -8.332298, -6.953987, 3.0559714, 
71432286910515, 3, -8.018488, -6.268874, 3.906374, 
71432306991088, 3, -7.905899, -4.721381, 2.6391544, 
71432326644421, 3, -8.519147, -6.4964466, 3.542258, 
71432346724994, 3, -3.9748836, -8.352959, 3.733898, 
71432366378275, 3, -3.330494, -5.703536, 3.915956, 
71432386336765, 3, -6.1739526, -6.24971, 4.7663584, 
71432406264785, 3, -6.885416, -6.0556746, 5.544896, 
71432425918067, 3, -8.665273, -5.320256, 3.9662614, 
71432445998640, 3, -5.246894, -6.268874, 3.432065, 
71432465651973, 3, -4.355768, -6.7503695, 4.1291556, 
71432485702025, 3, -8.255642, -6.92045, 4.864574, 
71432505355358, 3, -6.7201266, -6.0508833, 3.0559714, 
71432525435931, 3, -5.932007, -5.933504, 3.753062, 
71432545089213, 3, -6.2793546, -5.617298, 3.5063255, 
71432565230827, 3, -4.7941446, -6.2712693, 4.457339, 
71432584884160, 3, -5.1630516, -5.8161244, 4.390265, 
71432604934213, 3, -5.8769107, -5.876012, 5.8539157, 
71432624587494, 3, -7.661558, -5.3945165, 5.827565, 
71432644698588, 3, -8.741928, -2.757071, 3.848882, 
71432664351921, 3, -7.2519274, -4.2159305, 5.329301, 
71432684432494, 3, -5.7906723, -5.823311, 4.625024, 
71432703839785, 3, -4.753421, -4.5369277, 1.6282535, 
71432723767754, 3, -4.9139194, -5.5286646, 7.164254, 
71432743665202, 3, -9.230611, -5.3034873, 4.744799, 
71432763318535, 3, -7.604066, -4.2159305, 5.13287, 
71432783399108, 3, -6.8303194, -7.3684087, 6.2467775, 
71432803052390, 3, -5.007344, -7.375595, 3.3817594, 
71432823194004, 3, -4.5977135, -6.819839, 5.501777, 
71432842847338, 3, -6.593165, -4.960931, 3.3338494, 
71432862897390, 3, -5.2301254, -6.4629097, 4.0620813, 
71432882550723, 3, -8.020883, -6.7120414, 4.2537217, 
71432902631296, 3, -10.629582, -6.4341636, 1.4941055, 
71432922284577, 3, -4.877987, -8.432011, 3.0128524, 
71432942395671, 3, -4.0946584, -4.5752554, 2.948174, 
71432962049004, 3, -8.98627, -5.181317, 3.939911, 
71432982129577, 3, -7.5058503, -5.186108, 4.342355, 
71433001782858, 3, -7.6783266, -4.117715, 4.8765516, 
71433021710879, 3, -4.485125, -6.0748386, 5.94734, 
71433041608327, 3, -7.120175, -4.4794354, 5.693417, 
71433061261660, 3, -10.670306, -5.5717835, 4.6944933, 
71433081464265, 3, -5.3259454, -8.398474, 3.3913414, 
71433101117598, 3, -4.3485813, -7.030643, 2.876309, 
71433121137129, 3, -6.152393, -6.786302, 3.384155, 
71433140790463, 3, -6.2937274, -8.218811, 4.026149, 
71433160871035, 3, -7.278278, -8.937461, 5.2646227, 
71433180524317, 3, -7.8891306, -8.352959, 4.419011, 
71433200635410, 3, -7.302233, -7.0330386, 2.9936886, 
71433220288744, 3, -1.7949785, -6.9372187, 2.54573, 
71433240369317, 3, -2.0009916, -8.458361, 3.4200876, 
71433260022650, 3, -6.3464284, -8.35775, 5.070587, 
71433280103171, 3, -7.259114, -7.011479, 4.1483197, 
71433299756504, 3, -7.5489693, -7.0282474, 3.336245, 
71433319653952, 3, -3.823967, -5.468777, 0.5167415, 
71433339520931, 3, -1.44284, -5.5861564, 1.074893, 
71433359174265, 3, -3.0166836, -5.995787, 3.206888, 
71433379346348, 3, -4.887569, -4.8291783, 4.898111, 
71433398999681, 3, -7.474709, -3.399065, 4.663352, 
71433419080254, 3, -7.402844, -3.2912674, 5.2454586, 
71433438733588, 3, -8.50717, -6.815048, 5.094542, 
71433458844629, 3, -6.641075, -5.77061, 3.0224345, 
71433478497963, 3, -5.141492, -7.222283, 6.062324, 
71433498578535, 3, -4.901942, -5.8352885, 3.475184, 
71433518231869, 3, -6.209885, -3.27929, 7.034897, 
71433538342963, 3, -11.853683, -3.7272484, 4.7663584, 
71433557996244, 3, -8.099935, -7.01627, 4.059686, 
71433578076817, 3, -3.5293205, -11.031128, 4.730426, 
71433597730150, 3, -6.7967825, -5.9598546, 3.9662614, 
71433617627598, 3, -7.6208344, -7.404341, 8.522503, 
71433637494577, 3, -3.804803, -6.7216234, 4.5890913, 
71433657147858, 3, -5.639756, -3.4493704, 3.98303, 
71433677258952, 3, -7.378889, -5.459195, 3.494348, 
71433696912285, 3, -9.951656, -6.7551603, 1.788752, 
71433716992858, 3, -6.8734384, -8.441592, 2.73737, 
71433736516817, 3, -5.7667174, -6.613826, 2.2175465, 
71433756627910, 3, -7.4818954, -6.9563823, 4.145924, 
71433776281244, 3, -3.459851, -6.690482, 3.0032704, 
71433796392338, 3, -3.483806, -4.510577, 2.229524, 
71433816045671, 3, -8.181381, -5.0304003, 4.371101, 
71433836126192, 3, -12.452558, -7.1719775, 4.6513743, 
71433855779525, 3, -6.8638563, -8.518249, 3.2476115, 
71433875860098, 3, -1.2967145, -7.562444, 2.378045, 
71433895513431, 3, -4.1904783, -5.301092, 3.853673, 
71433915380358, 3, -7.28786, -5.305883, 2.818817, 
71433935247285, 3, -7.19204, -6.043697, 4.55795, 
71433954900619, 3, -8.020883, -5.5095005, 4.634606, 
71433975103275, 3, -8.313134, -5.6005297, 4.150715, 
71433994756608, 3, -6.23384, -7.4786015, 4.1435285, 
71434015020254, 3, -4.1329865, -7.811576, 5.281391, 
71434034673588, 3, -4.2335973, -4.4363165, 3.259589, 
71434054571035, 3, -7.23995, -4.6087923, 5.439494, 
71434074224369, 3, -9.462974, -5.430449, 4.821455, 
71434094335463, 3, -7.489082, -5.507105, 4.586696, 
71434113988744, 3, -6.5668144, -6.3239703, 4.4645257, 
71434134069317, 3, -5.840978, -6.77672, 3.8129494, 
71434153722650, 3, -2.5327926, -6.877331, 4.217789, 
71434173620098, 3, -7.4579406, -5.9071536, 4.280072, 
71434193487077, 3, -8.950337, -5.8496614, 4.687307, 
71434213140358, 3, -4.164128, -6.39344, 3.3290584, 
71434233220931, 3, -5.591846, -6.2712693, 4.208207, 
71434252874265, 3, -7.0267506, -7.466624, 4.1483197, 
71434272985358, 3, -7.642394, -7.385177, 3.5638175, 
71434292638692, 3, -6.200303, -8.005611, 3.729107, 
71434312841296, 3, -4.6168776, -6.6018486, 2.2127554, 
71434332494629, 3, -8.749115, -6.302411, 2.3708584, 
71434352575202, 3, -7.1896443, -8.621255, 3.2044926, 
71434372228535, 3, -4.2958803, -6.901286, 1.9779965, 
71434392278535, 3, -6.90458, -6.8174434, 3.8560686, 
71434411931869, 3, -6.990818, -6.383858, 4.0141716, 
71434431829317, 3, -4.8037267, -5.540642, 3.3098946, 
71434451726817, 3, -3.2322786, -4.9776993, 2.8595405, 
71434471380098, 3, -9.563585, -4.845947, 4.035731, 
71434491460671, 3, -10.085804, -5.2795324, 4.2393484, 
71434511114004, 3, -5.4409294, -5.5813656, 3.911165, 
71434531225098, 3, -4.65281, -4.026686, 4.0860367, 
71434550878431, 3, -4.0707035, -4.5704646, 3.796181, 
71434570959004, 3, -8.099935, -5.574179, 4.514831, 
71434590612285, 3, -8.281993, -6.278456, 4.308818, 
71434610662338, 3, -6.3703833, -6.5922666, 3.178142, 
71434630315671, 3, -7.6399984, -6.1371217, 3.719525, 
71434650548848, 3, -7.393262, -7.749293, 4.6609564, 
71434670202129, 3, -7.599275, -7.586399, 3.805763, 
71434690313223, 3, -6.56921, -6.091607, 4.3160043, 
71434710666035, 3, -3.910205, -7.001897, 2.6726916, 
71434730532963, 3, -6.8351107, -5.8784075, 2.9505694, 
71434750399890, 3, -6.5763965, -7.0138745, 3.3961325, 
71434770053223, 3, -6.621911, -6.4006267, 3.3242674, 
71434790133796, 3, -6.7249174, -5.7634234, 4.1195736, 
71434809787129, 3, -5.524772, -6.388649, 4.356728, 
71434829867702, 3, -6.0110583, -3.5787275, 3.3434315, 
71434849520983, 3, -7.4962683, -5.3082786, 4.102805, 
71434869601556, 3, -12.641803, -6.6066394, 4.644188, 
71434889254890, 3, -6.813551, -6.0892115, 4.9052973, 
71434909488067, 3, -1.792583, -4.1776023, 2.775698, 
71434929141348, 3, -11.535082, -5.9646454, 4.6513743, 
71434949191400, 3, -10.646351, -7.289357, 3.556631, 
71434968844733, 3, -3.3328896, -7.2390513, 2.996084, 
71434988498067, 3, -5.5559134, -4.4219437, 3.2092836, 
71435008120879, 3, -8.044838, -6.8509803, 4.442966, 
71435028506608, 3, -7.4291945, -5.19569, 4.121969, 
71435048343015, 3, -5.3451095, -6.575498, 2.9841065, 
71435067996348, 3, -6.636284, -5.3657703, 3.3290584, 
71435088076921, 3, -9.939678, -4.405175, 1.5659705, 
71435107730254, 3, -10.679888, -8.659583, 4.8238506, 
71435127841296, 3, -3.7401245, -5.96225, 1.1251985, 
71435147494629, 3, -6.0422, -6.8413987, 2.919428, 
71435167575202, 3, -8.540707, -5.090288, 2.6008265, 
71435187228535, 3, -5.9248204, -6.9420094, 2.9984796, 
71435207309108, 3, -7.608857, -3.7559946, 3.829718, 
71435226962390, 3, -5.5654955, -7.5169296, 3.920747, 
71435247073483, 3, -10.152878, -3.3295956, 3.930329, 
71435266726817, 3, -8.327507, -5.909549, 1.817498, 
71435286837910, 3, -6.1452065, -6.426977, 4.165088, 
71435306491244, 3, -7.824452, -4.7621045, 1.7144915, 
71435326541296, 3, -8.145449, -5.799356, 4.3878694, 
71435346194577, 3, -5.3451095, -5.4424267, 1.688141, 
71435366305671, 3, -8.741928, -6.067652, 4.6992846, 
71435385959004, 3, -7.206413, -5.205272, 2.564894, 
71435406039577, 3, -6.7440815, -8.079872, 4.3687053, 
71435425692858, 3, -8.119099, -2.804981, 2.104958, 
71435445742910, 3, -6.981236, -8.446383, 4.380683, 
71435465396244, 3, -5.7427626, -3.90212, 2.435537, 
71435485293692, 3, -8.99106, -6.110771, 3.1565826, 
71435505160671, 3, -9.695337, -4.42913, 3.45602, 
71435524813952, 3, -5.529563, -7.572026, 3.2571936, 
71435544925046, 3, -7.5825067, -2.436074, 2.387627, 
71435564578379, 3, -7.3381653, -7.552862, 2.718206, 
71435584781035, 3, -7.057892, -4.433921, 2.670296, 
71435604434317, 3, -7.3573294, -5.784983, 2.64155, 
71435624484369, 3, -8.296366, -5.564597, 4.1531105, 
71435644137702, 3, -5.596637, -6.5204015, 3.149396, 
71435664248796, 3, -8.557475, -3.7559946, 2.507402, 
71435683902129, 3, -9.007829, -7.5792127, 3.273962, 
71435704013171, 3, -6.851879, -5.181317, 3.135023, 
71435723776296, 3, -5.4313474, -5.96225, 2.972129, 
71435743643275, 3, -8.040047, -4.821992, 2.234315, 
71435763479681, 3, -8.976687, -7.2438426, 3.1470006, 
71435783133015, 3, -8.008905, -5.919131, 2.6343634, 
71435803213588, 3, -6.4614124, -5.459195, 3.293126, 
71435822866869, 3, -6.018245, -6.2089863, 2.5912445, 
71435843069525, 3, -8.229292, -4.778873, 3.0128524, 
71435862722858, 3, -7.628021, -6.6641316, 3.489557, 
71435882772910, 3, -6.142811, -5.262764, 3.321872, 
71435902426192, 3, -6.2122803, -6.5299835, 3.8081584, 
71435922537285, 3, -8.202941, -4.711799, 2.981711, 
71435942190619, 3, -7.613648, -6.5826845, 3.489557, 
71435962149108, 3, -5.9631486, -5.9358997, 2.6391544, 
71435982077077, 3, -6.861461, -5.5478287, 3.0703444, 
71436001730410, 3, -8.713182, -6.6497583, 2.4618876, 
71436021688900, 3, -9.129999, -5.852057, 2.8739135, 
71436041342233, 3, -5.414579, -6.594662, 3.479975, 
71436061422806, 3, -5.1486783, -5.4472175, 2.905055, 
71436081076088, 3, -7.3525386, -5.29151, 3.7123384, 
71436101156660, 3, -8.739533, -7.145627, 3.5925634, 
71436120809994, 3, -7.393262, -6.2904334, 4.404638, 
71436140921088, 3, -5.165447, -8.113409, 5.1640115, 
71436160574421, 3, -3.8503175, -7.6319137, 3.939911, 
71436180746504, 3, -4.6983247, -5.650835, 4.0093803, 
71436200399838, 3, -5.9200296, -7.20791, 3.805763, 
71436220510931, 3, -9.070112, -6.192218, 3.8943965, 
71436240164265, 3, -9.819903, -5.2507863, 4.84541, 
71436260031192, 3, -6.5907693, -5.9119444, 3.211679, 
71436279898119, 3, -6.2218623, -5.9215264, 3.5302806, 
71436299551452, 3, -7.057892, -5.2316227, 4.5890913, 
71436319632025, 3, -9.0485525, -5.5047097, 6.6444306, 
71436339285358, 3, -12.89333, -4.884275, 5.5472913, 
71436359365931, 3, -10.57209, -6.3191795, 3.88721, 
71436379019213, 3, 0.4999105, -4.5513005, 2.8595405, 
71436399130306, 3, 1.9803295, -5.363375, 2.608013, 
71436418783640, 3, -5.649338, -8.075081, 7.4972286, 
71436438864213, 3, -10.790081, -4.5369277, 2.330135, 
71436458517494, 3, -11.187734, -6.910868, 6.9462633, 
71436478445515, 3, -6.1883254, -11.419199, 4.452548, 
71436498373483, 3, -2.410622, -5.2555776, 3.039203, 
71436518026817, 3, -4.034771, -7.720547, 3.8393, 
71436538107338, 3, -8.612572, -6.829421, 4.2728853, 
71436557760671, 3, -9.355177, -5.200481, 4.7376127, 
71436577841244, 3, -6.7680364, -6.426977, 4.9867444, 
71436597494577, 3, -5.548727, -4.7477317, 3.6261005, 
71436617575150, 3, -4.3437905, -5.2172494, 5.022677, 
71436637228431, 3, -5.3403187, -5.943086, 5.003513, 
71436657309004, 3, -7.546574, -5.0447736, 5.4945903, 
71436676962338, 3, -11.963876, -5.392121, 5.051423, 
71436697073431, 3, -13.51616, -7.4594374, 4.385474, 
71436716299004, 3, -3.325703, -8.666769, 2.464283, 
71436736226973, 3, -2.875349, -9.109937, 4.409429, 
71436756154942, 3, -12.8478155, -3.18347, 5.6910214, 
71436775808275, 3, -4.758212, -6.29762, 6.18689, 
71436795888848, 3, -2.559143, -5.9502726, 3.872837, 
71436815542129, 3, -7.6495805, -4.3979883, 3.039203, 
71436835622702, 3, -1.878821, -6.9084725, 0.873671, 
71436855276035, 3, -1.136216, -3.7655766, 5.640716, 
71436875387129, 3, -10.136109, -2.4959614, 7.1331124, 
71436895040463, 3, -16.354828, -5.6149025, 5.2694135, 
71436915120983, 3, -5.4696755, -10.484954, 3.422483, 
71436934774317, 3, 0.128608, -7.8283443, 3.6165185, 
71436954854890, 3, -4.8947554, -4.534532, 5.980877, 
71436974508223, 3, -9.290498, -4.730963, 5.3173237, 
71436994649838, 3, -10.790081, -6.862958, 4.567532, 
71437014303119, 3, -4.111427, -9.083587, 3.542258, 
71437034231140, 3, -4.101845, -7.9385376, 6.752228, 
71437054159108, 3, -12.397462, -6.5012374, 4.74959, 
71437073812390, 3, -8.830562, -6.4149995, 1.999556, 
71437093984525, 3, -5.0576496, -5.09987, 4.4980626, 
71437113637858, 3, -6.765641, -5.085497, 5.7557, 
71437133718431, 3, -5.759531, -6.446141, 4.1674833, 
71437153371765, 3, -6.5189047, -6.891704, 3.762644, 
71437173513327, 3, -4.4444013, -8.374518, 5.061005, 
71437193166660, 3, -3.2993524, -9.41177, 6.3090606, 
71437213216713, 3, -5.941589, -5.679581, 6.996569, 
71437232870046, 3, -6.353615, -5.540642, 8.189528, 
71437252736973, 3, -6.8494835, -5.7873783, 5.1544294, 
71437272603900, 3, -8.562266, -7.3971543, 3.3817594, 
71437292257233, 3, -4.7366524, -7.653473, 3.633287, 
71437312368327, 3, -3.565253, -7.1288586, 4.6465836, 
71437332021660, 3, -7.896317, -5.281928, 4.965185, 
71437352102233, 3, -6.4470396, -5.2699504, 3.666824, 
71437371755515, 3, -4.4012823, -6.3000154, 4.6178374, 
71437391836088, 3, -10.660724, -5.349002, 5.290973, 
71437411489421, 3, -9.022202, -3.5308175, 3.9710524, 
71437431569994, 3, -1.3206695, -6.8557715, 6.321038, 
71437451223327, 3, -5.309177, -5.363375, 5.1735935, 
71437471303848, 3, -7.307024, -4.7716866, 3.9902165, 
71437490957181, 3, -3.043034, -9.847751, 6.6779675, 
71437511068275, 3, -4.7222795, -7.758875, 6.5534015, 
71437530721608, 3, -7.1704807, -5.708327, 4.898111, 
71437550802181, 3, -6.147602, -8.240371, 5.08496, 
71437570455463, 3, -5.6613154, -6.791093, 3.8800235, 
71437590566556, 3, -6.324869, -6.494051, 4.826246, 
71437610219890, 3, -5.266058, -7.600772, 3.9806345, 
71437630300463, 3, -4.801331, -6.609035, 2.061839, 
71437649953796, 3, -6.104483, -5.6723943, 3.331454, 
71437669851244, 3, -4.106636, -6.9899197, 4.3687053, 
71437689748692, 3, -4.5210576, -7.021061, 4.65377, 
71437709402025, 3, -7.115384, -5.5765743, 5.4706354, 
71437729574108, 3, -9.046157, -6.498842, 7.7511516, 
71437749866869, 3, -7.9130855, -7.322894, 3.2236564, 
71437769916921, 3, -6.4566216, -4.486622, 3.211679, 
71437789570254, 3, -8.377812, -5.2436, 5.7628865, 
71437809681348, 3, -7.929854, -6.8030705, 4.016567, 
71437829334629, 3, -6.938117, -3.010994, 3.3482225, 
71437849415202, 3, -7.28786, -4.117715, 5.966504, 
71437869068535, 3, -8.12868, -8.429615, 3.484766, 
71437889057546, 3, -6.066155, -8.563763, 2.8787045, 
71437909016035, 3, -5.9583573, -8.546994, 4.65377, 
71437928883015, 3, -4.6120863, -5.090288, 3.441647, 
71437948536296, 3, -2.0345285, -2.2995305, 4.8813424, 
71437968647390, 3, -4.906733, -6.767138, 5.520941, 
71437988300723, 3, -5.424161, -7.01627, 4.826246, 
71438008167650, 3, -5.970335, -3.8709786, 5.377211, 
71438028034629, 3, -4.1713147, -4.826783, 6.004832, 
71438047687910, 3, -1.3398335, -8.02238, 5.813192, 
71438067860046, 3, -2.563934, -7.648682, 5.5089636, 
71438087513379, 3, -6.229049, -9.184197, 4.0620813, 
71438107624473, 3, -6.276959, -5.612507, 4.6178374, 
71438127277754, 3, -3.368822, -5.7969604, 5.1304746, 
71438147358327, 3, -3.5628574, -9.224921, 4.888529, 
71438167011660, 3, -5.5271673, -6.5874753, 5.1640115, 
71438187122754, 3, -4.523453, -6.6928773, 4.7424035, 
71438206776035, 3, -4.590527, -10.228636, 5.08496, 
71438226856608, 3, -4.3581634, -6.829421, 4.1626925, 
71438246509942, 3, -2.9591916, -7.073762, 2.9553604, 
71438266621035, 3, -6.401525, -11.400035, 4.1674833, 
71438286274369, 3, -4.4204464, -6.1514945, 5.856311, 
71438306141296, 3, -1.308692, -9.780677, 4.9292526, 
71438325977702, 3, -4.9809933, -8.927879, 5.070587, 
71438345631035, 3, 1.345522, -3.1858654, 3.8273225, 
71438365833692, 3, -3.891041, -13.122399, 5.2358766, 
71438385486973, 3, -6.6243067, -8.695516, 6.0216007, 
71438405567546, 3, -0.527759, -3.322409, 3.6213095, 
71438425220879, 3, -4.245575, -11.337752, 5.4083524, 
71438445301452, 3, -6.2841454, -7.231865, 6.095861, 
71438464954785, 3, -0.978113, -4.510577, 4.141133, 
71438485035358, 3, -4.504289, -9.91243, 5.1304746, 
71438504688640, 3, -5.333132, -9.36386, 3.6356826, 
71438524799733, 3, -5.060045, -4.730963, 4.65377, 
71438544453067, 3, -6.205094, -7.193537, 4.5747185, 
71438564350515, 3, -7.0650787, -6.5635204, 3.384155, 
71438584247963, 3, -6.8973937, -7.768457, 3.5494444, 
71438603901296, 3, -8.442491, -9.2033615, 1.692932, 
71438623951348, 3, -7.388471, -7.5025563, 2.315762, 
71438643604681, 3, -5.112746, -8.846432, 4.074059, 
71438663685254, 3, -4.2719254, -8.441592, 3.6213095, 
71438683338535, 3, -2.1734674, -6.6258035, 5.3029504, 
71438703419108, 3, -3.038243, -9.023699, 6.1222115, 
71438723072442, 3, -9.086881, -8.669165, 4.433384, 
71438743153015, 3, -8.46405, -8.669165, 2.852354, 
71438762915827, 3, -3.5580666, -6.0269284, -0.146812, 
71438783026921, 3, -3.3472624, -6.0796294, 3.609332, 
71438802680202, 3, -7.28786, -8.285885, 5.8587065, 
71438822760775, 3, -5.591846, -5.4951277, 4.155506, 
71438842414108, 3, -4.240784, -3.945239, 3.144605, 
71438862403119, 3, -5.5559134, -4.7645, 4.84541, 
71438882392129, 3, -6.6913805, -3.188261, 4.203416, 
71438902259056, 3, -8.602989, -5.3801436, 6.598916, 
71438921912390, 3, -7.498664, -5.4088893, 6.33062, 
71438942023483, 3, -2.468114, -3.811091, 5.5616646, 
71438961676817, 3, -4.590527, -7.730129, 5.492195, 
71438981574265, 3, -5.2876177, -5.943086, 4.280072, 
71439001471713, 3, -2.650172, -6.206591, 5.0921464, 
71439021125046, 3, -5.567891, -7.5313025, 5.142452, 
71439041388692, 3, -8.595803, -4.1249013, 4.6034646, 
71439061042025, 3, -3.766475, -5.334629, 5.113706, 
71439080939473, 3, -4.8851733, -7.701383, 4.759172, 
71439100806452, 3, -6.8638563, -6.1323304, 4.41422, 
71439120459733, 3, -4.5689673, -9.299182, 6.2994785, 
71439140540306, 3, -6.4422483, -8.856014, 4.7903137, 
71439160193640, 3, -4.8276815, -5.392121, 5.118497, 
71439180274213, 3, -4.250366, -10.084906, 7.1283216, 
71439199927546, 3, -3.996443, -8.635628, 3.700361, 
71439220038640, 3, -2.2932425, -7.2198877, 2.914637, 
71439239691921, 3, -3.483806, -9.689648, 4.1483197, 
71439259741973, 3, -8.380208, -7.5504665, 2.06663, 
71439279395306, 3, -10.42357, -7.284566, 4.744799, 
71439299628483, 3, -4.9522476, -8.805709, 2.981711, 
71439319281765, 3, -4.092263, -7.557653, 2.7589295, 
71439339179265, 3, -6.3081007, -7.2534246, 4.1531105, 
71439359046192, 3, -3.2801886, -6.321575, 2.1504724, 
71439378699525, 3, -5.37146, -7.246238, 4.9005065, 
71439398780046, 3, -4.791749, -5.358584, 2.5097976, 
71439418433379, 3, -7.934645, -6.6114306, 3.9423065, 
71439438513952, 3, -10.090595, -7.3444533, 3.3482225, 
71439458167285, 3, -4.2096424, -5.1693397, 0.979073, 
71439478247858, 3, -3.689819, -5.401703, 2.7828846, 
71439497901140, 3, -11.379374, -10.310082, 6.057533, 
71439517981713, 3, -8.782652, -6.383858, 2.2894115, 
71439537635046, 3, -3.4287095, -2.0743535, 1.5947165, 
71439557746140, 3, -5.9871035, -5.507105, 4.452548, 
71439577399473, 3, -9.062925, -10.456208, 7.0564566, 
71439597510515, 3, -7.7741466, -4.7046127, 4.22258, 
71439617163848, 3, -0.7721, -1.928228, 4.2345576, 
71439637091817, 3, -1.0763285, -9.72558, 5.774864, 
71439657019838, 3, -3.8790636, -10.894585, 5.382002, 
71439676673119, 3, -2.190236, -8.472734, 3.3913414, 
71439696753692, 3, -3.9365554, -8.796126, 3.8416955, 
71439716407025, 3, -2.539979, -6.7216234, 3.2715664, 
71439736518119, 3, -1.8668435, -6.5635204, 4.160297, 
71439756037442, 3, -6.6913805, -8.911111, 5.1688027, 
71439776148483, 3, -5.2636623, -6.0556746, 5.3604426, 
71439795801817, 3, -4.1665235, -7.073762, 4.265699, 
71439815912910, 3, -4.705511, -7.342058, 3.9950075, 
71439835566244, 3, -8.056815, -7.945724, 4.5938826, 
71439855494213, 3, -4.9282923, -4.251863, 4.1243644, 
71439875391660, 3, -0.9038525, -7.864277, 4.1962295, 
71439895044994, 3, -5.0528584, -10.999987, 3.944702, 
71439915125567, 3, -5.5367494, -7.1576047, 4.6609564, 
71439934778848, 3, -6.291332, -7.0378294, 4.754381, 
71439954859421, 3, -0.364865, -4.783664, 2.9074504, 
71439974512754, 3, -0.6978395, -7.9864473, 4.433384, 
71439994593327, 3, -6.4614124, -12.353444, 4.672934, 
71440014246660, 3, -8.234082, -9.083587, 4.60586, 
71440034357754, 3, -5.1055593, -4.721381, 3.3913414, 
71440054011035, 3, -0.221135, -5.9886007, 5.56406, 
71440074122129, 3, -4.830077, -11.756965, 6.052742, 
71440093775463, 3, -6.679403, -8.295467, 3.364991, 
71440113856035, 3, -4.4875207, -4.9537444, 4.260908, 
71440133509317, 3, -6.4662037, -5.919131, 1.5899255, 
71440153589890, 3, -10.849969, -6.551543, 1.7719835, 
71440173243223, 3, -10.658328, -9.802237, 2.6056175, 
71440193171192, 3, -5.184611, -8.585322, 2.6439455, 
71440213068692, 3, 0.962242, -6.8605623, 3.834509, 
71440232721973, 3, -4.3917003, -6.666527, 3.0847175, 
71440252863588, 3, -9.5755625, -7.298939, 5.5089636, 
71440272516921, 3, -3.1556225, -7.4594374, 3.240425, 
71440292597494, 3, -1.409303, -6.110771, 3.6931746, 
71440312250775, 3, -6.4997406, -8.669165, 5.1688027, 
71440332361869, 3, -7.6831174, -5.440031, 2.5193796, 
71440352015202, 3, -3.93416, -4.678262, 3.810554, 
71440372095775, 3, -6.1404157, -5.751446, 3.9710524, 
71440391749108, 3, -7.053101, -4.5896287, 4.3351684, 
71440411860150, 3, -9.285707, -5.6819763, 3.0990906, 
71440431513483, 3, -5.615801, -4.970513, 4.198625, 
71440451594056, 3, -5.13191, -9.090773, 6.6731763, 
71440471247390, 3, -8.260433, -4.7764773, 3.221261, 
71440491175358, 3, -2.7148504, -4.261445, 6.728273, 
71440511072806, 3, -4.092263, -9.205757, 4.121969, 
71440530726140, 3, -3.8263626, -5.665208, 4.3207955, 
71440550867754, 3, -3.948533, -8.927879, 7.446923, 
71440570521035, 3, -9.20426, -9.701626, 5.6766486, 
71440590632129, 3, -11.781818, -6.7264147, 4.807082, 
71440610285463, 3, -3.9653015, -2.637296, 3.005666, 
71440630366035, 3, 3.0822594, -7.35164, 4.7471943, 
71440650019369, 3, -3.761684, -10.22624, 6.4048805, 
71440670099942, 3, -10.481062, -7.7229424, 4.457339, 
71440689753223, 3, -7.4148216, -5.042378, 0.538301, 
71440709864317, 3, -3.704192, -7.54328, 3.07274, 
71440729517650, 3, -4.983389, -9.208153, 5.626343, 
71440749415098, 3, -2.894513, -8.441592, 5.7101855, 
71440769312546, 3, -5.448116, -7.404341, 2.512193, 
71440788975254, 3, -4.408469, -4.122506, -0.66424, 
71440809208431, 3, -8.222105, -7.059389, 4.2776766, 
71440828861713, 3, -11.046399, -8.00082, 4.4309883, 
71440848881244, 3, -4.9139194, -7.2486334, 3.901583, 
71440868534577, 3, -2.0057826, -6.700064, 3.954284, 
71440888645671, 3, -3.747311, -5.540642, 3.968657, 
71440908299004, 3, -4.044353, -7.088135, 3.3913414, 
71440928379577, 3, -10.215161, -7.413923, 4.160297, 
71440948032858, 3, -8.682041, -8.139759, 3.235634, 
71440968113431, 3, -3.2801886, -6.230546, 1.1778995, 
71440987766765, 3, -3.871877, -4.788455, 3.8464866, 
71441007877858, 3, -4.7318616, -6.431768, 4.035731, 
71441027531192, 3, -7.0315413, -6.230546, 5.434703, 
71441047611713, 3, -6.751268, -6.2018, 5.909012, 
71441067265046, 3, -3.019079, -3.7368305, 4.4645257, 
71441087162494, 3, -4.3964915, -4.644725, 5.252645, 
71441107029473, 3, -8.631736, -8.626046, 4.835828, 
71441126682754, 3, -7.0315413, -5.665208, 4.5172267, 
71441146824369, 3, -4.1377773, -5.492732, 4.969976, 
71441166477702, 3, -5.2924085, -7.385177, 4.0333357, 
71441186558275, 3, -8.543102, -9.083587, 2.588849, 
71441206211608, 3, -9.082089, -8.295467, 4.7136574, 
71441226292129, 3, -2.6908956, -8.772172, 6.0024366, 
71441245945463, 3, -0.4870355, -5.727491, 5.731745, 
71441266056556, 3, -3.1364584, -7.902605, 3.010457, 
71441285709890, 3, -8.308343, -9.665693, 3.1086726, 
71441305790463, 3, -5.7379713, -8.254744, 3.676406, 
71441325443744, 3, -7.752587, -7.600772, 3.8704414, 
71441345524317, 3, -5.127119, -5.564597, 2.92901, 
71441365177650, 3, -3.5724394, -6.494051, 3.403319, 
71441385075098, 3, -7.441172, -6.326366, 4.610651, 
71441404942077, 3, -3.891041, -4.3021684, 4.543577, 
71441424595358, 3, -8.84733, -7.5456753, 4.993931, 
71441444675931, 3, -10.392428, -5.420867, 2.363672, 
71441464329265, 3, -2.2788694, -6.470096, 3.925538, 
71441484531921, 3, -8.794629, -8.273908, 5.2837863, 
71441504185202, 3, -6.775223, -7.418714, 4.6322107, 
71441524265775, 3, -4.360559, -5.171735, 2.713415, 
71441543919108, 3, -6.2362356, -7.8906274, 4.7136574, 
71441563999681, 3, -7.120175, -7.893023, 4.150715, 
71441583653015, 3, -4.624064, -7.35164, 4.9484167, 
71441603733535, 3, -2.022551, -9.521963, 4.466921, 
71441623386869, 3, -4.303067, -6.3814626, 2.7637205, 
71441643497963, 3, -2.539979, -6.369485, 2.4762604, 
71441663151296, 3, -9.158746, -7.6271224, 3.824927, 
71441683018223, 3, -5.860142, -5.425658, 2.2702475, 
71441702885150, 3, -3.843131, -5.7538414, 2.5768714, 
71441722538483, 3, -9.026993, -6.6689224, 4.064477, 
71441742619056, 3, -6.684194, -6.5012374, 3.2859395, 
71441762272390, 3, -5.630174, -5.2843237, 4.567532, 
71441782505515, 3, -5.812232, -5.9790187, 5.8155875, 
71441802541869, 3, -8.126285, -10.307687, 3.273962, 
71441822439317, 3, -6.2170715, -3.585914, 1.7097005, 
71441842336817, 3, -1.1529845, -8.036753, 5.602388, 
71441861990098, 3, -3.5484846, -9.349487, 4.500458, 
71441882131713, 3, -10.0882, -3.298454, 3.9806345, 
71441901785046, 3, -1.9674546, -6.225755, 3.4584155, 
71441921865619, 3, -1.9674546, -8.427219, 5.5999923, 
71441941518900, 3, -12.29685, -4.108133, 3.3961325, 
71441961629994, 3, -10.502621, -7.092926, 2.732579, 
71441981283327, 3, -1.7949785, -6.7934885, 3.053576, 
71442001363900, 3, 0.8592355, -4.2973776, 3.5925634, 
71442021017233, 3, -9.846254, -6.934823, 4.1483197, 
71442041128275, 3, -15.5738945, -8.420033, 5.6958127, 
71442060781608, 3, -3.6730504, -7.59119, 3.681197, 
71442080831660, 3, -1.787792, -5.3370247, 4.3184, 
71442100484994, 3, -7.28786, -5.7227, 4.0285444, 
71442120565567, 3, -3.55088, -7.8187623, 3.2380295, 
71442140218900, 3, -3.6467, -6.925241, 3.40811, 
71442160329942, 3, -10.818827, -5.8113337, 4.4357796, 
71442179983275, 3, -6.6434703, -6.8653536, 3.93512, 
71442199880723, 3, -2.6238215, -7.4019456, 4.65377, 
71442219747702, 3, -3.50297, -6.4341636, 5.065796, 
71442239400983, 3, -9.70971, -5.281928, 5.0825644, 
71442259451035, 3, -7.762169, -5.7921696, 5.405957, 
71442279104369, 3, -6.243422, -6.6114306, 5.9114075, 
71442299245983, 3, -9.949261, -4.414757, 3.8129494, 
71442318899317, 3, -2.8010886, -6.326366, 3.9854255, 
71442338949369, 3, -0.9852995, -8.556577, 3.26438, 
71442358602650, 3, -9.92291, -6.618617, 4.696889, 
71442378713744, 3, -9.915724, -6.671318, 4.2345576, 
71442398367077, 3, -3.8119895, -8.14455, 5.4850087, 
71442418569681, 3, -6.3033094, -6.187427, 5.1927576, 
71442438223015, 3, -5.3259454, -5.1022654, 5.0777736, 
71442458181504, 3, -8.071189, -7.691801, 4.735217, 
71442478109525, 3, -8.073584, -6.0796294, 2.550521, 
71442497762806, 3, -3.4047544, -3.638615, 2.277434, 
71442517690775, 3, -7.934645, -8.690724, 4.3112135, 
71442537344108, 3, -10.097781, -9.236898, 4.2968407, 
71442557455202, 3, -6.3272643, -7.0522027, 2.148077, 
71442577108535, 3, -4.350977, -7.4354825, 2.315762, 
71442597189108, 3, -3.5005746, -9.723185, 3.010457, 
71442616842390, 3, -6.2937274, -8.206834, 3.8273225, 
71442636922963, 3, -4.6408324, -9.663298, 5.3412786, 
71442656576296, 3, -4.4731474, -7.8810453, 4.5028534, 
71442676687390, 3, -5.366669, -7.859486, 4.878947, 
71442696340723, 3, -3.062198, -6.9995017, 1.6138805, 
71442716390775, 3, -4.0754943, -8.297862, 3.5350716, 
71442736044056, 3, -11.036818, -7.5456753, 2.1073534, 
71442756155150, 3, -6.3464284, -3.552377, 0.3490565, 
71442775808483, 3, -1.7039495, -6.9036813, 3.8273225, 
71442795889056, 3, -4.279112, -6.5204015, 3.293126, 
71442815705463, 3, -6.3560104, -4.4985995, 3.5446534, 
71442835816556, 3, -1.533869, -6.0508833, 3.6548464, 
71442855469890, 3, -3.546089, -6.48926, 4.562741, 
71442875550463, 3, -7.52741, -6.7503695, 3.384155, 
71442895203796, 3, -11.42968, -7.7660613, 5.846729, 
71442915284369, 3, -10.291817, -8.125386, 2.823608, 
71442934937650, 3, -4.331813, -5.497523, 2.7733026, 
71442954835150, 3, -1.7949785, -7.174373, 4.150715, 
71442974702077, 3, -6.4805765, -7.2821703, 3.9279335, 
71442994355410, 3, -11.230853, -8.412847, 4.4549437, 
71443014527494, 3, -7.354934, -7.433087, 3.374573, 
71443034180827, 3, 3.6811345, -5.463986, 2.057048, 
71443054261400, 3, -1.7614415, -7.361222, 5.319719, 
71443073914733, 3, -9.510884, -6.0556746, 3.8273225, 
71443094025775, 3, -6.114065, -3.7176664, 2.6295724, 
71443113679108, 3, -4.6504145, -6.4149995, 4.8046865, 
71443133759681, 3, -8.705996, -6.8366075, 3.604541, 
71443153413015, 3, -7.7501917, -4.4171524, 3.5686085, 
71443173463067, 3, -5.7235985, -5.717909, 4.524413, 
71443193116400, 3, -6.248213, -6.2089863, 2.5002155, 
71443213013848, 3, -5.7619267, -6.6641316, 5.3508606, 
71443232911296, 3, -7.302233, -8.197251, 3.6261005, 
71443252564629, 3, -5.7810907, -7.35164, 5.1879663, 
71443272614681, 3, -6.114065, -8.281094, 6.2324047, 
71450403943483, 3, 0.2603605, 0.558301, 9.722648, 
71450424054577, 3, 0.1310035, 0.3307285, 9.674738, 
71450444135150, 3, 0.037579, 0.4792495, 9.674738, 
71450463788483, 3, -0.0175175, 0.428944, 9.782536, 
71450483869056, 3, -0.1133375, 0.227722, 10.050832, 
71450503461348, 3, -0.336119, 0.179812, 10.352665, 
71450523297754, 3, -0.494222, 0.524764, 10.302359, 
71450542951088, 3, -0.499013, 0.960745, 10.161024, 
71450563031660, 3, -0.4103795, 0.960745, 9.995735, 
71450582684942, 3, -0.4103795, 0.9248125, 9.94543, 
71450602765515, 3, -0.58046, 0.8864845, 10.08916, 
71450622418848, 3, -0.5780645, 1.1451985, 10.091555, 
71450642346817, 3, -0.575669, 1.32007, 9.856796, 
71450662274785, 3, -0.6116015, 1.3272564, 9.787327, 
71450681928119, 3, -0.681071, 1.396726, 9.856796, 
71450702130775, 3, -0.72419, 1.449427, 9.94543, 
71450721784108, 3, -0.934994, 1.2601825, 9.883146, 
71450741681556, 3, -0.8942705, 1.554829, 9.701089, 
71450761579004, 3, -0.652325, 1.8351026, 9.5525675, 
71450781232338, 3, -0.666698, 1.981228, 9.598082, 
71450801312910, 3, -0.8942705, 1.7728195, 9.61006, 
71450820966192, 3, -0.9661355, 1.4039125, 9.459143, 
71450841046765, 3, -0.843965, 1.5093145, 9.411233, 
71450860700098, 3, -0.8367785, 1.9165494, 9.44477, 
71450880780671, 3, -0.877502, 2.1129806, 9.358532, 
71450900766400, 3, -0.824801, 2.053093, 9.243548, 
71450920999525, 3, -0.7409585, 1.8303115, 9.248339, 
71450940652858, 3, -0.575669, 1.684186, 9.324995, 
71450960702910, 3, -0.5397365, 1.9261315, 9.485494, 
71450980356244, 3, -0.7313765, 2.110585, 9.748999, 
71451000253692, 3, -0.7888685, 1.933318, 9.746603, 
71451020120619, 3, -0.7457495, 1.650649, 9.665156, 
71451039773952, 3, -0.700235, 1.736887, 9.703484, 
71451059885046, 3, -0.6643025, 1.9596685, 9.75858, 
71451079538379, 3, -0.671489, 1.933318, 9.847214, 
71451099618900, 3, -0.556505, 1.708141, 9.808886, 
71451119272233, 3, -0.599624, 1.6386715, 9.713066, 
71451139352806, 3, -0.5684825, 1.861453, 9.686715, 
71451159006140, 3, -0.5301545, 2.144122, 9.657969, 
71451179239265, 3, -0.53255, 2.1513085, 9.5885, 
71451198892598, 3, -0.494222, 1.9884145, 9.425606, 
71451218790046, 3, -0.5445275, 1.7776105, 9.428001, 
71451238657025, 3, -0.657116, 1.9500865, 9.523822, 
71451258310306, 3, -0.7553315, 1.9596685, 9.554963, 
71451278482442, 3, -0.6786755, 1.914154, 9.483098, 
71451298135775, 3, -0.5253635, 1.794379, 9.392069, 
71451318246869, 3, -0.5061995, 1.7584465, 9.384883, 
71451337900150, 3, -0.561296, 1.794379, 9.449561, 
71451357980723, 3, -0.637952, 1.741678, 9.502262, 
71451377634056, 3, -0.5876465, 1.7105365, 9.46633, 
71451397531504, 3, -0.427148, 1.6338805, 9.389673, 
71451417429004, 3, -0.4151705, 1.6290895, 9.456747, 
71451437082285, 3, -0.355283, 1.5859705, 9.430397, 
71451457132338, 3, -0.3385145, 1.344025, 9.387278, 
71451476785671, 3, -0.4439165, 1.626694, 9.483098, 
71451496988327, 3, -0.460685, 1.7440735, 9.576523, 
71451516641608, 3, -0.5253635, 1.593157, 9.713066, 
71451536722181, 3, -0.5684825, 1.334443, 9.717857, 
71451556375515, 3, -0.575669, 1.2889285, 9.645992, 
71451576486608, 3, -0.5205725, 1.459009, 9.595687, 
71451596139942, 3, -0.4582895, 1.4326586, 9.557359, 
71451616250983, 3, -0.4295435, 1.3033015, 9.495075, 
71451635904317, 3, -0.422357, 1.3655845, 9.526217, 
71451655954369, 3, -0.4822445, 1.554829, 9.622037, 
71451675607702, 3, -0.5157815, 1.4134945, 9.674738, 
71451695505150, 3, -0.5589005, 0.9823045, 9.696298, 
71451715402598, 3, -0.527759, 1.042192, 9.863982, 
71451735055931, 3, -0.575669, 1.2937195, 9.904706, 
71451755105983, 3, -0.6451385, 1.2553915, 9.859192, 
71451774759317, 3, -0.609206, 1.0158415, 9.92387, 
71451794870410, 3, -0.556505, 0.941581, 10.024481, 
71451814523692, 3, -0.637952, 1.0829155, 10.09395, 
71451834573744, 3, -0.613997, 1.142803, 10.065205, 
71451854227077, 3, -0.513386, 0.955954, 9.981362, 
71451874338171, 3, -0.5157815, 0.93679, 10.005317, 
71451894055098, 3, -0.570878, 0.9847, 10.034063, 
71451914166140, 3, -0.6547205, 1.023028, 10.000526, 
71451933819473, 3, -0.6834665, 1.0637515, 9.933452, 
71451953900046, 3, -0.661907, 0.9679315, 9.899915, 
71451973553379, 3, -0.6403475, 0.9008575, 9.887938, 
71451993603431, 3, -0.6547205, 0.898462, 9.914288, 
71452013256713, 3, -0.728981, 0.9487675, 9.878355, 
71452033367806, 3, -0.62837, 1.0014685, 9.816072, 
71452053021140, 3, -0.5828555, 0.965536, 9.871169, 
71452072949108, 3, -0.6643025, 0.9008575, 9.94543, 
71452092877077, 3, -0.657116, 0.879298, 9.887938, 
71452112530410, 3, -0.6307655, 1.0158415, 9.844818, 
71452132641504, 3, -0.6211835, 1.1068705, 9.837632, 
71452152294838, 3, -0.599624, 1.0014685, 9.789722, 
71452172466921, 3, -0.5589005, 0.855343, 9.727439, 
71452192120254, 3, -0.556505, 0.879298, 9.741812, 
71452212017702, 3, -0.613997, 0.8960665, 9.75858, 
71452231884681, 3, -0.6595115, 0.879298, 9.760976, 
71452251537963, 3, -0.652325, 0.716404, 9.689111, 
71452271649056, 3, -0.67628, 0.754732, 9.674738, 
71452291302390, 3, -0.7122125, 0.8864845, 9.693902, 
71452311444004, 3, -0.7313765, 0.9248125, 9.667551, 
71452331097285, 3, -0.752936, 0.7619185, 9.655574, 
71452351208379, 3, -0.6978395, 0.725986, 9.657969, 
71452370861713, 3, -0.690653, 0.764314, 9.681925, 
71452390789681, 3, -0.7457495, 0.5990245, 9.729835, 
71452410687129, 3, -0.8703155, 0.678076, 9.849609, 
71452430645671, 3, -0.86792, 0.8337835, 9.842423, 
71452450298952, 3, -0.767309, 0.93679, 9.75858, 
71452470410046, 3, -0.7792865, 0.864925, 9.792117, 
71452490063379, 3, -0.834383, 0.821806, 9.842423, 
71452509991348, 3, -0.7936595, 0.6756805, 9.820864, 
71452529888796, 3, -0.748145, 0.668494, 9.87596, 
71452549542129, 3, -0.7792865, 0.855343, 9.974175, 
71452569500619, 3, -0.815219, 0.864925, 9.938243, 
71452589459108, 3, -0.906248, 0.788269, 9.854401, 
71452609112442, 3, -0.815219, 0.6660985, 9.789722, 
71452629193015, 3, -0.7122125, 0.6469345, 9.775349, 
71452648846348, 3, -0.7840775, 0.8098285, 9.820864, 
71452668957442, 3, -0.848756, 0.850552, 9.849609, 
71452688610723, 3, -0.86792, 0.7475455, 9.82805, 
71452708691296, 3, -0.805637, 0.6038155, 9.777744, 
71452728344629, 3, -0.815219, 0.524764, 9.799304, 
71452748303119, 3, -0.858338, 0.6421435, 9.856796, 
71452768261608, 3, -0.872711, 0.6900535, 9.890333, 
71452787914942, 3, -0.8798975, 0.6277705, 9.878355, 
71452807995515, 3, -0.829592, 0.577465, 9.842423, 
71452827648848, 3, -0.7888685, 0.6229795, 9.806491, 
71452847607338, 3, -0.8080325, 0.64933, 9.799304, 
71452867535306, 3, -0.7840775, 0.6852625, 9.760976, 
71452887188640, 3, -0.7744955, 0.711613, 9.772953, 
71452907391244, 3, -0.7984505, 0.6277705, 9.832841, 
71452927867858, 3, -0.7936595, 0.572674, 9.837632, 
71452947917910, 3, -0.8367785, 0.6900535, 9.816072, 
71452967571244, 3, -0.8846885, 0.711613, 9.737021, 
71452987468692, 3, -0.815219, 0.6565165, 9.725043, 
71453007366140, 3, -0.7888685, 0.5798605, 9.748999, 
71453027019473, 3, -0.8224055, 0.6133975, 9.662761, 
71453047191608, 3, -0.7601225, 0.658912, 9.665156, 
71453066844890, 3, -0.805637, 0.630166, 9.746603, 
71453086925463, 3, -0.858338, 0.6613075, 9.806491, 
71453106578796, 3, -0.887084, 0.7331725, 9.75379, 
71453126537285, 3, -0.8463605, 0.6948445, 9.703484, 
71453146465254, 3, -0.800846, 0.539137, 9.744207, 
71453166118588, 3, -0.738563, 0.500809, 9.8017, 
71453186168640, 3, -0.781682, 0.5319505, 9.849609, 
71453205821973, 3, -0.858338, 0.6421435, 9.895124, 
71453226116140, 3, -0.8942705, 0.462481, 9.885542, 
71453245769473, 3, -0.8559425, 0.366661, 9.928661, 
71453265819525, 3, -0.8942705, 0.548719, 10.005317, 
71453285472858, 3, -0.930203, 0.611002, 9.99334, 
71453305370306, 3, -0.949367, 0.4792495, 9.943034, 
71453325237233, 3, -0.891875, 0.491227, 9.844818, 
71453344890567, 3, -0.9086435, 0.587047, 9.796908, 
71453365123692, 3, -0.911039, 0.6613075, 9.837632, 
71453384777025, 3, -0.8894795, 0.567883, 9.818468, 
71453404827077, 3, -0.8176145, 0.5223685, 9.806491, 
71453424480410, 3, -0.8463605, 0.596629, 9.808886, 
71453444591504, 3, -0.9134345, 0.591838, 9.82805, 
71453464244785, 3, -0.9086435, 0.4600855, 9.808886, 
71453484142285, 3, -0.839174, 0.5559055, 9.792117, 
71453504039733, 3, -0.805637, 0.596629, 9.75858, 
71453523693067, 3, -0.8176145, 0.5654875, 9.837632, 
71453543773640, 3, -0.863129, 0.543928, 9.899915, 
71453563426921, 3, -0.944576, 0.433735, 9.919079, 
71453583660098, 3, -0.949367, 0.5511145, 9.928661, 
71453603313431, 3, -0.9182255, 0.6086065, 9.871169, 
71453623210879, 3, -0.8942705, 0.5702785, 9.772953, 
71453643077806, 3, -0.8751065, 0.5127865, 9.720252, 
71453662731140, 3, -0.848756, 0.472063, 9.737021, 
71453682842233, 3, -0.8751065, 0.567883, 9.71067, 
71453702495567, 3, -0.901457, 0.5798605, 9.725043, 
71453722576088, 3, -0.9086435, 0.390616, 9.772953, 
71453742229421, 3, -0.8846885, 0.4840405, 9.804095, 
71453762279473, 3, -0.8894795, 0.620584, 9.772953, 
71453781932806, 3, -0.887084, 0.6086065, 9.756185, 
71453802074421, 3, -0.863129, 0.5463235, 9.799304, 
71453821727702, 3, -0.8990615, 0.534346, 9.890333, 
71453841808275, 3, -1.030814, 0.6469345, 9.964594, 
71453861461608, 3, -1.016441, 0.69724, 9.873565, 
71453881542181, 3, -0.8846885, 0.711613, 9.837632, 
71453901195515, 3, -0.8224055, 0.673285, 9.789722, 
71453921276035, 3, -0.7601225, 0.7092175, 9.73223, 
71453943089629, 3, -0.791264, 0.821806, 9.708275, 
71453963261765, 3, -0.7936595, 0.9104395, 9.622037, 
71453982915098, 3, -0.666698, 0.7762915, 9.509448, 
71454002934629, 3, -0.503804, 0.55351, 9.420815, 
71454022587910, 3, -0.431939, 0.5223685, 9.545381, 
71454042668483, 3, -0.527759, 0.60142, 9.737021, 
71454062321817, 3, -0.7457495, 0.702031, 9.861587, 
71454082219265, 3, -0.8415695, 0.4840405, 9.873565, 
71454102116765, 3, -0.8463605, 0.2396995, 9.895124, 
71454121770046, 3, -0.800846, 0.3163555, 9.962198, 
71454141850619, 3, -0.810428, 0.4744585, 9.988548, 
71454161503952, 3, -0.8415695, 0.5056, 9.943034, 
71454181615046, 3, -0.829592, 0.357079, 9.861587, 
71454201268327, 3, -0.800846, 0.270841, 9.808886, 
71454221409942, 3, -0.7984505, 0.40978, 9.82805, 
71454241063275, 3, -0.853547, 0.524764, 9.799304, 
71454261143848, 3, -0.858338, 0.5559055, 9.722648, 
71454280797181, 3, -0.7744955, 0.5367415, 9.681925, 
71454300725150, 3, -0.82001, 0.4888315, 9.729835, 
71454320622598, 3, -0.8415695, 0.486436, 9.75379, 
71454340275931, 3, -0.8080325, 0.5319505, 9.78014, 
71454360356504, 3, -0.86792, 0.591838, 9.849609, 
71454380009785, 3, -0.858338, 0.476854, 9.868773, 
71454400090358, 3, -0.843965, 0.443317, 9.885542, 
71454419743692, 3, -0.8942705, 0.5846515, 9.97178, 
71454439793744, 3, -0.925412, 0.663703, 9.99334, 
71454459447077, 3, -0.891875, 0.5463235, 9.887938, 
71454479649681, 3, -0.7840775, 0.481645, 9.823259, 
71454499303015, 3, -0.7936595, 0.563092, 9.825654, 
71454519383588, 3, -0.8463605, 0.673285, 9.873565, 
71454539036921, 3, -0.8846885, 0.6852625, 9.873565, 
71454558934369, 3, -0.848756, 0.606211, 9.854401, 
71454578801296, 3, -0.810428, 0.4936225, 9.818468, 
71454598454629, 3, -0.9182255, 0.5702785, 9.859192, 
71454618535202, 3, -0.9325985, 0.7092175, 9.832841, 
71454638188535, 3, -0.8942705, 0.716404, 9.804095, 
71454658330098, 3, -0.86792, 0.6181885, 9.701089, 
71454677983431, 3, -0.8128235, 0.5942335, 9.645992, 
71454698125046, 3, -0.824801, 0.644539, 9.631619, 
71454717778379, 3, -0.839174, 0.7667095, 9.657969, 
71454737858952, 3, -0.896666, 0.716404, 9.698693, 
71454757512233, 3, -0.9086435, 0.543928, 9.665156, 
71454777409733, 3, -0.858338, 0.6086065, 9.631619, 
71454797307181, 3, -0.843965, 0.7715005, 9.672342, 
71454816960515, 3, -0.8080325, 0.7523365, 9.708275, 
71454837041035, 3, -0.8894795, 0.5511145, 9.75858, 
71454856694369, 3, -0.9517625, 0.433735, 9.799304, 
71454876805463, 3, -0.920621, 0.6133975, 9.844818, 
71454896458796, 3, -0.9373895, 0.812224, 9.847214, 
71454916539369, 3, -0.8751065, 0.836179, 9.693902, 
71454933440723, 3, -0.8319875, 0.687658, 9.624433, 
71454953582338, 3, -0.8271965, 0.673285, 9.705879, 
71454973235671, 3, -0.877502, 0.773896, 9.737021, 
71454993163640, 3, -0.824801, 0.874507, 9.741812, 
71455013061088, 3, -0.7984505, 0.7810825, 9.804095, 
71455032714421, 3, -0.834383, 0.7092175, 9.722648, 
71455052856035, 3, -0.8032415, 0.6133975, 9.612455, 
71455072509369, 3, -0.671489, 0.5127865, 9.612455, 
71455092620410, 3, -0.637952, 0.60142, 9.698693, 
71455112273744, 3, -0.642743, 0.682867, 9.734626, 
71455132201713, 3, -0.6211835, 0.438526, 9.813677, 
71455152099213, 3, -0.6116015, 0.290005, 9.983758, 
71455171752494, 3, -0.6451385, 0.337915, 10.086764, 
71455191894108, 3, -0.786473, 0.4840405, 10.182584, 
71455211547442, 3, -0.824801, 0.428944, 10.168211, 
71455231505931, 3, -0.8224055, 0.2061625, 10.026876, 
71455251433900, 3, -0.877502, 0.17023, 10.055622, 
71455271087233, 3, -0.8894795, 0.404989, 10.036459, 
71455291076244, 3, -0.7553315, 0.529555, 9.768163, 
71455311034733, 3, -0.738563, 0.467272, 9.662761, 
71455330993223, 3, -0.6499295, 0.337915, 9.607664, 
71455350646556, 3, -0.5397365, 0.4409215, 9.435188, 
71455370727129, 3, -0.5349455, 0.6325615, 9.416024, 
71455390380463, 3, -0.53255, 0.4984135, 9.554963, 
71455410460983, 3, -0.6020195, 0.3882205, 9.669947, 
71455430114317, 3, -0.613997, 0.5894425, 9.669947, 
71455450255931, 3, -0.5061995, 0.5798605, 9.626828, 
71455469909265, 3, -0.5301545, 0.400198, 9.729835, 
71455489806713, 3, -0.642743, 0.242095, 9.90231, 
71455509673640, 3, -0.6882575, 0.160648, 10.022085, 
71455529326973, 3, -0.6595115, 0.270841, 10.022085, 
71455549438067, 3, -0.537341, 0.3498925, 9.935847, 
71455569091400, 3, -0.5157815, 0.256468, 9.835237, 
71455589294004, 3, -0.637952, 0.1103425, 9.792117, 
71455608947338, 3, -0.5349455, -0.0285965, 9.669947, 
71455628997390, 3, -0.3960065, -0.11723, 9.574127, 
71455648650723, 3, -0.393611, -0.122021, 9.705879, 
71455668578692, 3, -0.5589005, -0.054947, 9.938243, 
71455688476140, 3, -0.7313765, -0.1339985, 10.041249, 
71455708129473, 3, -0.752936, -0.145976, 10.014899, 
71455728179525, 3, -0.9230165, -0.02141, 10.014899, 
71455747832806, 3, -0.9900905, -0.0477605, 9.895124, 
71455767974421, 3, -0.9517625, -0.0142235, 9.799304, 
71455787627754, 3, -0.9325985, -0.0717155, 9.705879, 
71455807586244, 3, -0.829592, -0.002246, 9.725043, 
71455827514213, 3, -0.834383, 0.12232, 9.789722, 
71455847167546, 3, -0.8319875, 0.1390885, 9.847214, 
71455867217598, 3, -0.8703155, 0.342706, 10.005317, 
71455886870931, 3, -0.9278075, 0.2924005, 10.08916, 
71455907012494, 3, -0.925412, 0.117529, 9.966989, 
71455926665827, 3, -0.9469715, 0.237304, 9.852005, 
71455946746400, 3, -1.0092545, 0.5175775, 9.868773, 
71455966754369, 3, -1.1721485, 0.6181885, 10.096346, 
71455986865463, 3, -1.2344315, 0.4984135, 9.899915, 
71456006518744, 3, -1.2871325, 0.572674, 9.943034, 
71456026568796, 3, -1.4979365, 0.7379635, 9.928661, 
71456046222129, 3, -1.4308625, 0.773896, 9.727439, 
71456066333223, 3, -1.2631775, 0.7187995, 9.669947, 
71456085986556, 3, -1.2679685, 0.60142, 9.68432, 
71456106067129, 3, -1.179335, 0.6900535, 9.559754, 
71456125720410, 3, -1.2440135, 0.625375, 9.880751, 
71456145800983, 3, -1.184126, 0.472063, 9.698693, 
71456165454317, 3, -1.409303, 0.5367415, 9.97178, 
71456185382285, 3, -1.438049, 0.630166, 9.890333, 
71456205279733, 3, -1.414094, 0.5559055, 10.017295, 
71456224933067, 3, -1.15538, 0.285214, 9.990944, 
71456245257754, 3, -1.049978, 0.232513, 9.895124, 
71456264911088, 3, -0.982904, 0.404989, 9.772953, 
71456284900098, 3, -1.2296405, 0.529555, 9.99334, 
71456304553431, 3, -1.1146564, 0.4600855, 9.782536, 
71456324664525, 3, -0.9182255, 0.395407, 9.681925, 
71456344317858, 3, -0.9517625, 0.357079, 9.689111, 
71456364184785, 3, -0.9469715, 0.251677, 9.746603, 
71456384051713, 3, -0.829592, 0.2780275, 9.737021, 
71456403705046, 3, -0.8224055, 0.443317, 9.645992, 
71456423785619, 3, -0.8367785, 0.491227, 9.535799, 
71456443438952, 3, -0.839174, 0.2540725, 9.619641, 
71456463672077, 3, -0.752936, 0.131902, 9.82805, 
71456483325410, 3, -0.8367785, 0.323542, 9.763371, 
71456503436504, 3, -0.901457, 0.4313395, 9.955011, 
71456523089785, 3, -0.9900905, 0.4696675, 9.852005, 
71456542987285, 3, -1.1673574, 0.347497, 9.957407, 
71456562884733, 3, -1.0188365, 0.2349085, 9.811281, 
71456582538067, 3, -1.030814, 0.328333, 10.117906, 
71456602710150, 3, -0.9038525, 0.5463235, 9.957407, 
71456622363483, 3, -1.193708, 0.5798605, 9.909497, 
71456642444056, 3, -1.0907015, 0.4600855, 9.835237, 
71456662097390, 3, -0.982904, 0.198976, 9.818468, 
71456682177963, 3, -0.920621, 0.3403105, 9.840028, 
71456701831244, 3, -0.9661355, 0.663703, 9.871169, 
71456721972858, 3, -0.973322, 0.6565165, 9.641201, 
71456741626192, 3, -0.877502, 0.3786385, 9.557359, 
71456761493119, 3, -0.8176145, 0.3403105, 9.655574, 
71456781360098, 3, -0.863129, 0.371452, 9.82805, 
71456801013379, 3, -0.949367, 0.558301, 9.909497, 
71456821124473, 3, -1.030814, 0.658912, 9.823259, 
71456840777806, 3, -0.9900905, 0.654121, 9.725043, 
71456860858379, 3, -0.9517625, 0.6133975, 9.729835, 
71456880511660, 3, -0.920621, 0.563092, 9.705879, 
71456900714317, 3, -0.8990615, 0.4313395, 9.751394, 
71456920367650, 3, -0.853547, 0.390616, 9.808886, 
71456940265098, 3, -0.877502, 0.5654875, 9.804095, 
71456960132025, 3, -1.026023, 0.7187995, 9.823259, 
71456982385150, 3, -1.040396, 0.6373525, 9.847214, 
71457002465723, 3, -0.8751065, 0.630166, 9.808886, 
71457022119056, 3, -0.7409585, 0.587047, 9.78014, 
71457042260671, 3, -0.781682, 0.6613075, 9.866378, 
71457061913952, 3, -0.863129, 0.783478, 9.940639, 
71457081994525, 3, -0.982904, 0.6660985, 9.904706, 
71457101647858, 3, -0.901457, 0.615793, 9.847214, 
71457121728431, 3, -0.7744955, 0.6421435, 9.837632, 
71457141381765, 3, -0.7792865, 0.7571275, 9.82805, 
71457161340254, 3, -0.8846885, 0.7379635, 9.751394, 
71457181268223, 3, -0.9038525, 0.69724, 9.686715, 
71457200921556, 3, -0.8511515, 0.7906645, 9.725043, 
71457221215723, 3, -0.872711, 0.946372, 9.82805, 
71457240869056, 3, -0.9661355, 0.817015, 9.847214, 
71457260735983, 3, -0.992486, 0.759523, 9.794513, 
71457280389317, 3, -0.896666, 0.84097, 9.686715, 
71457300500410, 3, -0.479849, 0.879298, 9.516635, 
71457320153692, 3, -1.0763285, 0.7619185, 9.715462, 
71457340234265, 3, -1.2200584, 0.8385745, 9.796908, 
71457359887598, 3, -0.666698, 1.085311, 9.681925, 
71457379815567, 3, -1.016441, 0.807433, 9.71067, 
71457399743535, 3, -0.8894795, 0.6086065, 9.720252, 
71457419396869, 3, -0.829592, 0.79306, 9.772953, 
71457439446921, 3, -0.9134345, 1.099684, 9.82805, 
71457459100254, 3, -0.9661355, 1.061356, 9.787327, 
71457479241869, 3, -0.939785, 0.783478, 9.705879, 
71457498895150, 3, -0.8463605, 0.769105, 9.75858, 
71457518975723, 3, -0.9086435, 1.008655, 9.866378, 
71457538629056, 3, -0.9948815, 1.042192, 10.017295, 
71457558770671, 3, -0.954158, 1.051774, 10.086764, 
71457578423952, 3, -0.3864245, 0.960745, 9.825654, 
71457598474004, 3, -0.939785, 0.927208, 9.751394, 
71457618127338, 3, -0.7936595, 0.9152305, 9.734626, 
71457638238431, 3, -0.6355565, 0.869716, 9.782536, 
71457657891765, 3, -0.7601225, 0.955954, 9.816072, 
71457677972338, 3, -0.843965, 1.0397965, 9.782536, 
71457697625619, 3, -0.901457, 0.994282, 9.782536, 
71457717584108, 3, -0.8942705, 0.826597, 9.770558, 
71457737512129, 3, -0.8559425, 0.9248125, 9.746603, 
71457757165410, 3, -0.815219, 1.027819, 9.701089, 
71457777215463, 3, -0.858338, 0.9775135, 9.650783, 
71457796868796, 3, -0.8894795, 1.0445875, 9.672342, 
71457816979890, 3, -0.877502, 1.094893, 9.729835, 
71457836633223, 3, -0.901457, 1.061356, 9.775349, 
71457856255983, 3, -0.887084, 0.960745, 9.717857, 
