51848879254531, 3, 0.765811, -4.5513005, 8.884223, 
51848899213021, 3, 0.756229, -4.414757, 8.900991, 
51848918957864, 3, 0.7729975, -3.964403, 9.1094, 
51848939068958, 3, 0.636454, -3.7128756, 9.15731, 
51848958813854, 3, 0.416068, -4.0434546, 8.771634, 
51848978985937, 3, 0.0303925, -4.2925863, 9.147728, 
51848998730833, 3, 0.056743, -3.605078, 9.478307, 
51849018811406, 3, 0.071116, -2.359418, 8.800381, 
51849038556250, 3, 0.099862, -2.0935175, 7.1283216, 
51849058667344, 3, 0.2411965, -2.8504956, 6.019205, 
51849078412239, 3, -0.1229195, -2.6876016, 6.3186426, 
51849098462292, 3, -0.139688, -2.565431, 6.771392, 
51849118207135, 3, -0.62837, -3.964403, 7.125926, 
51849138165625, 3, -1.466795, -5.698745, 7.4684825, 
51849158093646, 3, -2.2692876, -6.101189, 7.600235, 
51849177838489, 3, -3.1508315, -6.129935, 7.1379037, 
51849197949583, 3, -3.1676, -7.557653, 6.699527, 
51849217694479, 3, -2.760365, -10.619102, 8.002679, 
51849237775000, 3, -2.195027, -11.577302, 9.760976, 
51849257519896, 3, -2.5327926, -11.996514, 11.536041, 
51849277630989, 3, -2.5615385, -12.50436, 12.678695, 
51849297375833, 3, -1.620107, -11.174858, 12.661926, 
51849317425885, 3, -0.9709265, -9.974712, 12.063051, 
51849337170781, 3, -0.96374, -9.234503, 11.742055, 
51849357281875, 3, -1.217663, -7.825949, 11.097665, 
51849377026719, 3, -1.658435, -3.652988, 10.791041, 
51849397137812, 3, -2.127953, -1.7102375, 9.952616, 
51849416882708, 3, -2.4513454, -1.0538706, 9.2363615, 
51849436993750, 3, -2.5423746, -0.30887, 8.718933, 
51849456738646, 3, -2.2788694, -0.7280825, 7.791875, 
51849476788698, 3, -2.108789, -0.605912, 7.24091, 
51849496533542, 3, -2.0345285, 0.222931, 7.0995755, 
51849516644635, 3, -2.0393195, 0.611002, 6.963032, 
51849536389531, 3, -1.9530815, 0.452899, 6.838466, 
51849556500625, 3, -1.878821, 0.3163555, 6.6971316, 
51849576245469, 3, -1.792583, 0.1247155, 6.8169065, 
51849596203958, 3, -1.629689, 0.615793, 7.0899935, 
51849616162448, 3, -1.428467, 1.248205, 7.2720513, 
51849635907344, 3, -1.4883544, 1.161967, 7.5403476, 
51849655987917, 3, -1.6081295, 0.9439765, 7.806248, 
51849675732760, 3, -1.58657, 1.1883175, 8.03382, 
51849695813333, 3, -1.4260715, 1.497337, 8.2685795, 
51849715558229, 3, -1.2919235, 2.03872, 8.448242, 
51849735669323, 3, -1.1817305, 1.971646, 8.460219, 
51849755446250, 3, -1.0044636, 1.6242985, 8.491361, 
51849775648906, 3, -0.776891, 1.947691, 8.618322, 
51849795393750, 3, -0.513386, 2.4052315, 8.620718, 
51849815352292, 3, -0.3624695, 2.4148135, 8.572808, 
51849835097135, 3, -0.3337235, 2.0986075, 8.766844, 
51849855238750, 3, -0.063032, 1.8015655, 9.03993, 
51849874983594, 3, 0.0495565, 1.205086, 9.928661, 
51849895094687, 3, -0.503804, -0.361571, 11.694144, 
51849914839583, 3, -1.1673574, -1.4227775, 13.0356245, 
51849934920156, 3, -1.0619555, -1.276652, 12.396026, 
51849954665000, 3, -0.508595, -1.21916, 11.8043375, 
51849974623489, 3, -0.427148, -1.621604, 12.36728, 
51849994551510, 3, -0.518177, -2.589386, 12.994901, 
51850014296354, 3, -0.2666495, -3.485303, 12.53257, 
51850034407448, 3, 0.3034795, -3.049322, 11.356379, 
51850054152344, 3, 0.5478205, -2.771444, 10.733549, 
51850074263385, 3, 0.0016465, -3.2816856, 11.250977, 
51850094008281, 3, -0.8798975, -4.0961556, 12.007955, 
51850114088854, 3, -1.2104765, -4.017104, 11.641443, 
51850133833698, 3, -1.1865215, -2.790608, 10.326314, 
51850153914271, 3, -1.030814, -1.5808805, 9.030349, 
51850173659167, 3, -0.7170035, -1.176041, 8.196714, 
51850193739739, 3, -0.4966175, -1.214369, 7.839785, 
51850213484583, 3, -0.3289325, -1.147295, 7.7607336, 
51850233595677, 3, -0.225926, -0.9388865, 7.7990613, 
51850253340573, 3, 0.0543475, -0.970028, 7.8182254, 
51850273299062, 3, 0.2411965, -1.017938, 7.8469715, 
51850293257552, 3, 0.1597495, -1.032311, 7.858949, 
51850313002396, 3, 0.248383, -1.113758, 7.806248, 
51850333113489, 3, 0.416068, -1.209578, 8.196714, 
51850352858385, 3, 0.6388495, -1.152086, 8.82194, 
51850372908437, 3, 0.7107145, -1.0107515, 9.310622, 
51850392653281, 3, 0.784975, -0.811925, 9.483098, 
51850412764375, 3, 0.770602, -0.792761, 9.593291, 
51850432509271, 3, 0.780184, -0.960446, 9.907102, 
51850452620312, 3, 0.641245, -1.104176, 10.604192, 
51850472365208, 3, 0.4232545, -0.6897545, 11.061732, 
51850492445781, 3, 0.1645405, -0.3304295, 11.267746, 
51850512190625, 3, 0.085489, -0.8478575, 11.67498, 
51850532301719, 3, -0.125315, -1.401218, 12.182826, 
51850552046614, 3, -0.384029, -1.803662, 12.443936, 
51850572127187, 3, -0.9805085, -1.8827136, 12.817634, 
51850591872031, 3, -1.9387085, -1.473083, 13.121862, 
51850611800000, 3, -2.4896736, -1.080221, 12.542151, 
51850631728021, 3, -2.492069, -0.9676325, 11.286909, 
51850651472864, 3, -2.1926315, -0.8095295, 10.388597, 
51850671492396, 3, -1.936313, -0.7855745, 10.055622, 
51850691481406, 3, -1.797374, -0.974819, 10.026876, 
51850711226302, 3, -1.687181, -0.9867965, 9.866378, 
51850731306875, 3, -1.303901, -0.8095295, 9.097423, 
51850751001979, 3, -0.829592, -0.462182, 8.191923, 
51850771113073, 3, -0.3720515, -0.1052525, 7.595444, 
51850790857969, 3, -0.0462635, 0.141484, 7.322357, 
51850810938542, 3, 0.0735115, 0.3978025, 7.298402, 
51850830683385, 3, 0.056743, 0.4648765, 7.365476, 
51850850763958, 3, 0.0543475, 0.5990245, 7.2049775, 
51850870508854, 3, 0.047161, 0.8242015, 7.00136, 
51850890619896, 3, -0.0558455, 0.9008575, 7.0372925, 
51850910364792, 3, -0.192389, 0.7715005, 7.4253635, 
51850930323281, 3, -0.302582, 0.5894425, 7.988306, 
51850950281771, 3, -0.345701, 0.611002, 8.388354, 
51850970026667, 3, -0.369656, 1.0110505, 8.455428, 
51850990107239, 3, -0.321746, 1.2170635, 8.58239, 
51851009852083, 3, -0.029495, 1.339234, 8.96567, 
51851029993698, 3, 0.229219, 1.5045235, 9.44477, 
51851049738542, 3, 0.3274345, 1.36798, 9.962198, 
51851069788594, 3, 0.420859, 1.2266455, 10.489208, 
51851089533489, 3, 0.5621935, 1.099684, 10.805414, 
51851109614062, 3, 0.899959, 1.094893, 10.8892565, 
51851129358906, 3, 1.3862455, 1.2506005, 10.850928, 
51851149470000, 3, 1.91086, 1.286533, 10.963517, 
51851169214896, 3, 2.2677896, 1.2314365, 11.222231, 
51851189295469, 3, 2.3827734, 0.9343945, 11.459386, 
51851209040312, 3, 1.695265, 0.1774165, 11.912135, 
51851229151406, 3, 1.0987855, -0.7424555, 11.928904, 
51851248896302, 3, 1.120345, -0.7855745, 11.159948, 
51851268854792, 3, 1.3335445, -0.4885325, 10.189771, 
51851288813281, 3, 1.2808435, -1.0059605, 10.005317, 
51851308558125, 3, 1.082017, -1.520993, 10.266426, 
51851328638698, 3, 0.981406, -1.6814915, 10.367038, 
51851348383594, 3, 0.8304895, -1.755752, 10.043645, 
51851368433646, 3, 0.583753, -1.7629385, 9.569336, 
51851388178489, 3, 0.42565, -1.5473435, 9.164496, 
51851408320104, 3, 0.368158, -0.950864, 9.003998, 
51851428065000, 3, 0.4184635, -0.3543845, 8.805172, 
51851448145573, 3, 0.5574025, 0.055246, 8.39075, 
51851467890417, 3, 0.794557, 0.318751, 7.9092546, 
51851488001510, 3, 1.187419, 0.438526, 7.6170034, 
51851507746354, 3, 1.4149915, 0.491227, 7.600235, 
51851527826927, 3, 1.541953, 0.3498925, 7.6553316, 
51851547571823, 3, 1.565908, 0.246886, 7.724801, 
51851567621875, 3, 1.6784965, 0.1534615, 7.8948817, 
51851587366719, 3, 1.872532, 0.1534615, 8.328467, 
51851607355729, 3, 2.078545, 0.107947, 8.877036, 
51851627314271, 3, 2.097709, 0.1342975, 9.308227, 
51851647059114, 3, 1.9467925, 0.203767, 9.772953, 
51851667139687, 3, 1.824622, 0.26605, 10.11551, 
51851686884583, 3, 1.8797185, 0.376243, 10.199352, 
51851706995625, 3, 1.9467925, 0.270841, 10.383806, 
51851726740521, 3, 1.800667, -0.0094325, 10.992263, 
51851746790573, 3, 1.5587215, -0.0669245, 11.497713, 
51851766808073, 3, 1.244911, 0.251677, 11.9624405, 
51851786919167, 3, 0.799348, 0.93679, 12.391235, 
51851806664062, 3, 0.4472095, 1.3033015, 12.257087, 
51851826744635, 3, 0.238801, 1.32007, 11.746845, 
51851846489479, 3, -0.0366815, 0.773896, 11.413871, 
51851866631094, 3, -0.1564565, -0.4214585, 11.145575, 
51851886375989, 3, -0.168434, -1.1448995, 10.886861, 
51851906426042, 3, -0.470267, -0.7903655, 10.604192, 
51851926170885, 3, -0.7744955, -0.4741595, 10.28559, 
51851946281979, 3, -0.9805085, -0.764015, 10.182584, 
51851966026823, 3, -1.0140455, -0.9101405, 9.873565, 
51851985985364, 3, -0.786473, -0.6897545, 9.449561, 
51852005913333, 3, -0.5109905, -0.54842, 9.092631, 
51852025658177, 3, -0.0702185, -0.4406225, 8.575204, 
51852045769271, 3, 0.511888, -0.1531625, 8.155991, 
51852065514167, 3, 0.95266, 0.227722, 7.91165, 
51852085594739, 3, 1.0604575, 0.366661, 7.8421807, 
51852105339583, 3, 0.919123, 0.491227, 7.873322, 
51852125450677, 3, 0.7250875, 0.524764, 7.988306, 
51852145195573, 3, 0.5094925, 0.5702785, 8.172759, 
51852165276094, 3, 0.2651515, 0.7331725, 8.290139, 
51852185020989, 3, 0.095071, 0.7858735, 8.36919, 
51852205132083, 3, 0.0687205, 0.917626, 8.455428, 
51852224876927, 3, 0.023206, 1.1068705, 8.611136, 
51852244926979, 3, 0.018415, 1.2218544, 8.627905, 
51852264671875, 3, 0.152563, 1.2601825, 8.680606, 
51852284782969, 3, 0.2651515, 1.1978995, 8.927342, 
51852304527812, 3, 0.3082705, 1.0206325, 9.344159, 
51852324486302, 3, 0.3801355, 0.9918865, 9.75858, 
51852344414323, 3, 0.392113, 1.0877064, 10.026876, 
51852364159167, 3, 0.574171, 1.0302145, 10.470044, 
51852384270260, 3, 0.722692, 0.7523365, 11.171926, 
51852404015104, 3, 1.077226, 0.515182, 11.528855, 
51852424095677, 3, 1.3095895, 0.443317, 11.655816, 
51852443840573, 3, 1.6784965, 0.352288, 11.672585, 
51852463890625, 3, 1.858159, 0.0720145, 11.809129, 
51852483635469, 3, 1.9084646, -0.2921015, 11.9624405, 
51852503777083, 3, 1.8270175, -0.534047, 11.928904, 
51852523521979, 3, 1.642564, -0.543629, 11.64863, 
51852543572031, 3, 1.5491395, -0.5795615, 10.985077, 
51852563316875, 3, 1.5874676, -0.792761, 10.426925, 
51852583458489, 3, 1.6114225, -1.2215555, 10.146651, 
51852603203385, 3, 1.5299755, -1.4802696, 10.031668, 
51852623222917, 3, 1.149091, -1.6096265, 10.108323, 
51852642967760, 3, 0.5621935, -1.6862825, 10.194562, 
51852663078854, 3, 0.3322255, -1.578485, 9.911893, 
51852682823698, 3, 0.3753445, -1.07543, 9.233966, 
51852702904271, 3, 0.511888, -0.2873105, 8.60395, 
51852722649167, 3, 0.6963415, 0.2732365, 8.045798, 
51852742577135, 3, 1.0365025, 0.438526, 7.5451384, 
51852762505104, 3, 1.369477, 0.4121755, 7.260074, 
51852782351250, 3, 1.541953, 0.414571, 7.178627, 
51852802401302, 3, 1.541953, 0.5367415, 7.221746, 
51852822146146, 3, 1.585072, 0.443317, 7.3487077, 
51852842287760, 3, 1.8605545, 0.165439, 7.7128234, 
51852862032656, 3, 2.1671784, 0.107947, 8.282952, 
51852882052187, 3, 2.3109086, 0.189394, 8.723724, 
51852901797031, 3, 2.394751, 0.342706, 9.032744, 
51852921938646, 3, 2.298931, 0.587047, 9.495075, 
51852941683542, 3, 2.097709, 0.826597, 9.957407, 
51852961794583, 3, 2.078545, 0.74515, 9.990944, 
51852981539479, 3, 2.2150886, 0.2588635, 10.120301, 
51853001589531, 3, 2.308513, 0.0480595, 10.76469, 
51853021334375, 3, 2.045008, 0.424153, 11.569578, 
51853041323385, 3, 1.8365995, 0.515182, 11.940881, 
51853061281927, 3, 1.3622905, 0.1822075, 12.139708, 
51853081026771, 3, 0.928705, -0.1914905, 12.063051, 
51853101076823, 3, 0.348994, -0.1531625, 11.979209, 
51853120821719, 3, -0.5397365, 0.1869985, 12.199595, 
51853140932760, 3, -1.20329, -0.0860885, 12.063051, 
51853160677656, 3, -1.3877435, -0.237005, 11.07371, 
51853180758229, 3, -1.270364, -0.2010725, 9.87596, 
51853200503073, 3, -1.05956, -0.371153, 9.411233, 
51853220553125, 3, -1.0188365, -0.5556065, 9.5885, 
51853240298021, 3, -1.102679, -0.462182, 9.696298, 
51853260409114, 3, -1.1434025, -0.3831305, 9.411233, 
51853280153958, 3, -0.8942705, -0.419063, 8.690187, 
51853300234531, 3, -0.48464, -0.026201, 7.9954925, 
51853319979427, 3, -0.0893825, 0.4025935, 7.6649137, 
51853339937917, 3, 0.0591385, 0.7283815, 7.652936, 
51853359896406, 3, 0.0016465, 0.7810825, 7.7080326, 
51853379641302, 3, -0.086987, 0.8098285, 7.6122127, 
51853399721823, 3, -0.2379035, 0.8481565, 7.585862, 
51853419466719, 3, -0.3912155, 0.855343, 7.839785, 
51853439547292, 3, -0.4726625, 0.7379635, 8.124849, 
51853459292135, 3, -0.4103795, 0.6421435, 8.206297, 
51853479372708, 3, -0.3289325, 0.74515, 8.258998, 
51853499117604, 3, -0.3480965, 0.9487675, 8.429078, 
51853519228698, 3, -0.3816335, 0.922417, 8.663837, 
51853538973542, 3, -0.331328, 0.6469345, 9.097423, 
51853559023594, 3, -0.2283215, 0.7235905, 9.701089, 
51853578768489, 3, -0.326537, 0.874507, 10.184979, 
51853598879583, 3, -0.4534985, 0.639748, 10.704803, 
51853618624427, 3, -0.225926, 0.160648, 11.401894, 
51853638705000, 3, 0.166936, 0.0336865, 11.993582, 
51853658449896, 3, 0.5574025, 0.414571, 12.091798, 
51853678560937, 3, 0.828094, 0.634957, 12.194804, 
51853698305833, 3, 1.1131585, 0.45769, 12.68109, 
51853718355885, 3, 1.173046, -0.2633555, 13.258406, 
51853738100729, 3, 0.717901, -1.094594, 13.569821, 
51853758181302, 3, 0.6388495, -1.434755, 12.851171, 
51853777745312, 3, 0.76102, -1.2838385, 11.519273, 
51853797825885, 3, 0.794557, -1.329353, 10.515558, 
51853817570729, 3, 0.756229, -1.540157, 9.998131, 
51853837712344, 3, 0.7250875, -1.5760895, 9.782536, 
51853857457239, 3, 0.823303, -1.669514, 9.511844, 
51853877385208, 3, 0.708319, -1.875527, 9.320204, 
51853897282656, 3, 0.344203, -2.134241, 9.171683, 
51853917027552, 3, -0.0031445, -2.067167, 9.023162, 
51853937291198, 3, -0.158852, -1.530575, 8.639882, 
51853957036094, 3, -0.0510545, -1.0299155, 8.187133, 
51853977025104, 3, 0.142981, -0.5124875, 7.7655244, 
51853996769948, 3, 0.2843155, 0.0265, 7.4109907, 
51854016728437, 3, 0.296293, 0.4313395, 7.1283216, 
51854036686979, 3, 0.3705535, 0.764314, 6.8025336, 
51854056431823, 3, 0.655618, 0.821806, 6.598916, 
51854076573437, 3, 0.7346695, 0.927208, 6.6061025, 
51854096318281, 3, 0.6771775, 0.9847, 6.5917296, 
51854116368333, 3, 0.545425, 1.0350055, 6.421649, 
51854136113229, 3, 0.435232, 1.181131, 6.177308, 
51854156193802, 3, 0.2124505, 0.548719, 6.3234334, 
51854175938646, 3, -0.077405, -0.02141, 7.149881, 
51854196049739, 3, -0.120524, 0.1247155, 7.6074214, 
51854215794635, 3, -0.312164, 0.448108, 7.4684825, 
51854235875208, 3, -0.6403475, 1.305697, 7.212164, 
51854255620052, 3, -1.648853, 2.1608906, 7.2864246, 
51854275700625, 3, -3.172391, 1.794379, 7.0899935, 
51854295445521, 3, -4.834868, 0.7475455, 6.6108937, 
51854315404010, 3, -6.861461, -0.4358315, 7.0372925, 
51854335362500, 3, -8.265224, -1.0538706, 7.3151703, 
51854355107344, 3, -9.36955, -0.845462, 7.197791, 
51854375187917, 3, -10.366077, -0.974819, 6.512678, 
51854394932812, 3, -11.365001, -2.148614, 5.794028, 
51854415013385, 3, -12.018972, -3.7895315, 5.0729823, 
51854434758229, 3, -12.363924, -4.1105285, 4.639397, 
51854454838802, 3, -12.895725, -3.8230686, 4.3591237, 
51854474583698, 3, -13.590421, -3.6026826, 4.260908, 
51854494694792, 3, -14.230019, -3.6985025, 4.1147823, 
51854514439635, 3, -14.634858, -4.2446766, 4.107596, 
51854534489687, 3, -14.153363, -4.7716866, 4.0908275, 
51854554234583, 3, -12.878957, -5.2436, 3.657242, 
51854574345625, 3, -11.343442, -5.6053205, 3.1661644, 
51854594090521, 3, -10.253489, -5.0591464, 2.924219, 
51854614171094, 3, -9.726479, -4.625561, 2.818817, 
51854633915937, 3, -9.5228615, -4.2063484, 3.1565826, 
51854653874479, 3, -9.276125, -3.897329, 3.317081, 
51854673832969, 3, -9.086881, -4.0386634, 3.2476115, 
51856864658125, 3, -0.058241, 1.2697645, 8.074544, 
51856884830260, 3, -0.1468745, 1.1787355, 8.270975, 
51856904910833, 3, -0.221135, 1.5859705, 8.953692, 
51856924594635, 3, -0.331328, 1.3368385, 9.578918, 
51856944339531, 3, -0.3624695, 1.0972885, 9.507053, 
51856964511667, 3, 0.0447655, 1.2026905, 8.771634, 
51856984256510, 3, 0.8209075, 1.195504, 7.930814, 
51857004306562, 3, 1.470088, 1.142803, 7.739174, 
51857024051458, 3, 1.417387, 1.138012, 8.012261, 
51857044162552, 3, 1.0412935, 0.845761, 8.182342, 
51857063907396, 3, 0.804139, 0.8433655, 7.926023, 
51857083835364, 3, 0.8113255, 1.2458096, 7.341521, 
51857103763333, 3, 0.8017435, 1.406308, 7.0804114, 
51857123508229, 3, 0.5813575, 1.4326586, 7.3439164, 
51857143588802, 3, 0.4567915, 1.276951, 7.8182254, 
51857163333646, 3, 0.440023, 1.2026905, 8.062567, 
51857183414219, 3, 0.6101035, 1.185922, 8.299721, 
51857203159114, 3, 0.598126, 1.5141056, 8.829126, 
51857223239687, 3, 0.535843, 1.741678, 9.475911, 
51857242984531, 3, 0.4567915, 1.7009546, 10.074786, 
51857263095625, 3, 0.4807465, 1.573993, 10.5730505, 
51857282840521, 3, 0.578962, 1.2985106, 11.176717, 
51857302890573, 3, 0.7682065, 0.788269, 11.809129, 
51857322635417, 3, 1.259284, 0.999073, 11.998373, 
51857342624427, 3, 2.0474036, 1.9021765, 11.351588, 
51857362613437, 3, 2.399542, 1.875826, 11.33482, 
51857382358333, 3, 2.5456674, 1.12843, 11.586347, 
51857402683021, 3, 2.0042844, 0.6517255, 11.995977, 
51857422427917, 3, 1.321567, 0.2301175, 12.151685, 
51857442813646, 3, 1.556326, 0.021709, 10.901234, 
51857463016302, 3, 1.7359885, -0.3927125, 9.940639, 
51857482883229, 3, 1.005361, -1.2790475, 10.685639, 
51857503055364, 3, -0.048659, -2.03363, 11.981605, 
51857523196927, 3, -0.594833, -1.8827136, 11.859434, 
51857543521667, 3, -0.8511515, -1.3604945, 10.666475, 
51857564060000, 3, -0.891875, -0.610703, 9.365719, 
51857583743802, 3, -0.7649135, 0.270841, 8.608741, 
51857604007500, 3, -0.5541095, 0.69724, 8.338049, 
51857624118594, 3, -0.374447, 0.6086065, 8.146409, 
51857644290677, 3, -0.1181285, 0.702031, 7.667309, 
51857664462812, 3, -0.010331, 0.951163, 7.0372925, 
51857684634948, 3, 0.008833, 1.2458096, 6.603707, 
51857704807083, 3, 0.214846, 1.142803, 6.6588035, 
51857724979167, 3, 0.5478205, 0.84097, 7.073225, 
51857745151302, 3, 0.8640265, 0.7092175, 7.403804, 
51857765323437, 3, 1.0556664, 0.639748, 7.7367787, 
51857785526042, 3, 1.082017, 0.663703, 8.409914, 
51857805667656, 3, 0.909541, 0.7140085, 9.25313, 
51857825998177, 3, 0.76102, 0.5846515, 9.770558, 
51857846658542, 3, 0.885586, 0.3882205, 9.895124, 
51857866495000, 3, 1.0844125, 0.256468, 10.381411, 
51857886545052, 3, 1.235329, 0.208558, 11.061732, 
51857906686614, 3, 0.7155055, 0.965536, 11.785173, 
51857926889271, 3, -0.182807, 1.439845, 12.472682, 
51857947091927, 3, -0.7697045, 0.994282, 12.499033, 
51857967264010, 3, -1.2775505, 0.222931, 12.566107, 
51857987405625, 3, -1.6847855, -0.984401, 12.820029, 
51858007638802, 3, -1.6943675, -1.6623275, 12.669113, 
51858027780364, 3, -1.6081295, -1.2119735, 12.142103, 
51858047952500, 3, -1.5554285, -0.893372, 11.93609, 
51858068185677, 3, -1.4356534, -1.070639, 11.485736, 
51858088327239, 3, -1.179335, -1.022729, 10.522745, 
51858108529896, 3, -0.829592, -0.8526485, 9.760976, 
51858128274792, 3, -0.3912155, -0.5556065, 9.095027, 
51858148355312, 3, 0.075907, 0.016918, 8.397937, 
51858168405364, 3, 0.3465985, 0.4025935, 7.839785, 
51858188363906, 3, 0.4280455, 0.5175775, 7.5211835, 
51858208108750, 3, 0.363367, 0.572674, 7.3391256, 
51858228067239, 3, 0.267547, 0.4792495, 7.269656, 
51858248025729, 3, 0.1453765, 0.452899, 7.2576785, 
51858268045260, 3, -0.082196, 0.596629, 7.4109907, 
51858287790156, 3, -0.230717, 0.4792495, 7.6217947, 
51858307870729, 3, -0.407984, 0.318751, 8.03382, 
51858327615573, 3, -0.5684825, 0.395407, 8.472197, 
51858347726667, 3, -0.5253635, 0.644539, 8.661442, 
51858367471562, 3, -0.350492, 0.7523365, 8.908178, 
51858387521614, 3, -0.2714405, 0.702031, 9.578918, 
51858407266458, 3, -0.3528875, 0.6038155, 10.338291, 
51858427194427, 3, -0.5876465, 0.2684455, 11.107247, 
51858447122448, 3, -0.8559425, -0.2202365, 11.892971, 
51858466867292, 3, -0.72419, -0.342407, 12.046283, 
51858486947864, 3, -0.2618585, 0.1630435, 11.473759, 
51858506692760, 3, 0.066325, 0.146275, 11.399498, 
51858526803802, 3, 0.4328365, -0.4118765, 11.775592, 
51858546548698, 3, 0.703528, -0.965237, 11.945672, 
51858566629271, 3, 0.5047015, -1.516202, 12.108566, 
51858586374114, 3, 0.291502, -1.9449965, 11.6989355, 
51858606576771, 3, 0.2268235, -1.7533565, 10.771877, 
51858626321667, 3, 0.1741225, -1.60244, 10.060413, 
51858646432708, 3, 0.085489, -1.9785335, 9.873565, 
51858666177604, 3, -0.0558455, -2.1605916, 9.808886, 
51858686227656, 3, -0.2043665, -2.0791445, 9.612455, 
51858705972500, 3, -0.455894, -1.870736, 9.193242, 
51858725931042, 3, -0.738563, -1.463501, 8.441055, 
51858745889531, 3, -0.901457, -0.83588, 7.700846, 
51858765634375, 3, -0.9565535, -0.2489825, 6.852839, 
51858785684427, 3, -1.01165, 0.117529, 6.0120187, 
51858805429323, 3, -1.0954925, 0.2013715, 5.5904107, 
51858825601406, 3, -1.2392225, 0.0911785, 5.444285, 
51858845263073, 3, -1.2008945, 0.3546835, 5.056214, 
51858865282604, 3, -1.160171, 0.472063, 4.6897025, 
51858885027500, 3, -1.303901, -0.4933235, 5.2310853, 
51858905199583, 3, -1.7997695, -1.779707, 7.111553, 
51858924944479, 3, -2.1447215, -2.5774086, 9.432793, 
51858945055573, 3, -2.166281, -3.5835185, 10.884465, 
51858964800417, 3, -1.754255, -4.4842267, 11.250977, 
51858984911510, 3, -1.3350425, -4.5273457, 11.773196, 
51859004656406, 3, -0.872711, -4.5656734, 12.776911, 
51859024584375, 3, -0.4726625, -4.539323, 13.466814, 
51859044512344, 3, -0.321746, -4.0482454, 13.474001, 
51859064257239, 3, -0.6068105, -3.475721, 13.497956, 
51859084337760, 3, -1.246409, -3.0181806, 13.723133, 
51859104082656, 3, -2.286056, -2.7882125, 14.238166, 
51859124193750, 3, -2.8585806, -3.0133896, 14.302844, 
51859143938594, 3, -3.201137, -3.370319, 14.104017, 
51859164019167, 3, -3.368822, -3.6601746, 13.737506, 
51859183764062, 3, -3.7688706, -3.8230686, 13.301525, 
51859203875156, 3, -4.135382, -3.7224574, 12.611621, 
51859223620000, 3, -4.1258, -3.03974, 11.485736, 
51859243822656, 3, -3.9461374, -2.3091125, 10.283195, 
51859263567500, 3, -3.7017965, -1.98572, 9.449561, 
51859283617552, 3, -3.3616354, -1.717424, 8.82194, 
51859303362448, 3, -3.019079, -1.3317485, 8.3644, 
51859323320937, 3, -2.6142395, -0.989192, 7.8325987, 
51859343248906, 3, -2.0968115, -0.658613, 6.9702187, 
51859362993802, 3, -1.4500265, -0.193886, 6.1940765, 
51859383043854, 3, -0.9325985, 0.2971915, 5.750909, 
51859402788698, 3, -0.613997, 0.4265485, 5.583224, 
51859422869271, 3, -0.613997, 0.2588635, 5.9593177, 
51859442614167, 3, -0.647534, 0.031291, 6.3713436, 
51859462725208, 3, -0.6643025, 0.031291, 6.7067137, 
51859482470104, 3, -0.7457495, 0.304378, 7.159463, 
51859502581198, 3, -0.762518, 0.448108, 7.739174, 
51859522326042, 3, -0.6355565, 0.194185, 8.232647, 
51859542406614, 3, -0.508595, -0.1100435, 8.579994, 
51859562151510, 3, -0.479849, -0.2250275, 9.116587, 
51859582140521, 3, -0.4007975, -0.0094325, 9.789722, 
51859602129531, 3, -0.3864245, 0.2109535, 10.390992, 
51859621874427, 3, -0.3624695, -0.251378, 10.793436, 
51859641924427, 3, -0.3912155, -0.7616195, 11.188694, 
51859661669323, 3, -0.206762, -0.946073, 11.430639, 
51859681749896, 3, 0.248383, -0.744851, 11.272536, 
51859701494739, 3, 0.650827, -0.35678, 11.068919, 
51859721605833, 3, 1.086808, -0.399899, 11.07371, 
51859741350729, 3, 1.628191, -0.993983, 11.076105, 
51859761431302, 3, 1.426969, -1.6671185, 11.591138, 
51859781176146, 3, 1.101181, -2.27318, 11.543228, 
51859801378802, 3, 1.182628, -2.5055435, 10.752713, 
51859821123646, 3, 1.3095895, -2.5534534, 10.182584, 
51859841112708, 3, 1.0556664, -2.6013634, 10.441298, 
51859861246302, 3, 0.7202965, -2.867264, 10.656893, 
51859881204792, 3, 0.4328365, -2.881637, 10.455671, 
51859901163281, 3, 0.1837045, -2.867264, 10.149047, 
51859920908177, 3, 0.133399, -2.6349006, 9.674738, 
51859941019271, 3, 0.2891065, -2.0887265, 8.944111, 
51859960764114, 3, 0.47356, -1.305398, 8.314094, 
51859980814167, 3, 0.5238655, -0.696941, 7.997888, 
51860000559062, 3, 0.56938, -0.2489825, 7.700846, 
51860020670156, 3, 0.7250875, 0.050455, 7.2672606, 
51860040415000, 3, 0.9358915, 0.0672235, 6.972614, 
51860060495573, 3, 1.062853, -0.040574, 7.0612473, 
51860080240469, 3, 1.120345, -0.1771175, 7.4589005, 
51860100351510, 3, 1.417387, -0.179513, 7.806248, 
51860120096406, 3, 1.628191, -0.3304295, 8.203901, 
51860140176979, 3, 1.7359885, -0.3256385, 8.694979, 
51860159921823, 3, 2.001889, -0.3064745, 9.2363615, 
51860180032917, 3, 2.260603, -0.275333, 9.868773, 
51860199777812, 3, 2.279767, -0.5508155, 10.654497, 
51860219736302, 3, 2.2438345, -0.6562175, 11.195881, 
51860239694792, 3, 2.0713584, -0.6657995, 11.36117, 
51860259439687, 3, 1.8749275, -0.8718125, 11.55281, 
51860279550729, 3, 2.021053, -0.687359, 11.849852, 
51860299295625, 3, 1.7455705, 0.0241045, 12.501428, 
51860319376198, 3, 1.9467925, 0.261259, 12.441541, 
51860339121042, 3, 1.661728, 0.280423, 12.247505, 
51860359232135, 3, 0.909541, -0.3639665, 12.029514, 
51860378977031, 3, 0.056743, -1.2838385, 11.74445, 
51860399057604, 3, -0.690653, -1.3700765, 11.203067, 
51860418802448, 3, -0.911039, -1.065848, 10.556282, 
51860438913542, 3, -0.8894795, -1.0682435, 10.077182, 
51860458658437, 3, -0.8080325, -1.1688545, 9.557359, 
51860478769479, 3, -0.613997, -1.1544815, 9.171683, 
51860498514375, 3, -0.3289325, -1.137713, 8.814754, 
51860518594948, 3, 0.0208105, -0.9101405, 8.17755, 
51860538339792, 3, 0.3849265, -0.4789505, 7.566698, 
51860558420364, 3, 0.8640265, -0.184304, 7.2385144, 
51860578165260, 3, 1.3143805, -0.06932, 7.169045, 
51860598245833, 3, 1.2520975, 0.0911785, 7.331939, 
51860617990677, 3, 0.957451, 0.3115645, 7.475669, 
51860638101771, 3, 0.6388495, 0.4409215, 7.5307655, 
51860657846667, 3, 0.483142, 0.500809, 7.5451384, 
51860677805156, 3, 0.622081, 0.4313395, 7.72001, 
51860697733125, 3, 0.650827, 0.452899, 8.115268, 
51860717478021, 3, 0.4376275, 0.615793, 8.577599, 
51860737558542, 3, 0.2603605, 0.783478, 8.857873, 
51860757303437, 3, 0.238801, 0.93679, 8.977648, 
51860777597604, 3, 0.334621, 0.9296035, 9.305831, 
51860797342500, 3, 0.4807465, 0.826597, 9.90231, 
51860817209427, 3, 0.6148945, 0.69724, 10.347874, 
51860836954323, 3, 0.650827, 0.4025935, 10.781459, 
51860857065417, 3, 0.511888, 0.184603, 11.514482, 
51860876829583, 3, 0.492724, -0.122021, 11.972022, 
51860896940677, 3, 0.8927725, -0.160349, 11.998373, 
51860916685573, 3, 1.7791075, 0.462481, 11.397102, 
51860936766094, 3, 2.500153, 0.9104395, 10.973099, 
51860956510989, 3, 2.380378, 0.21814, 11.619884, 
51860976591562, 3, 1.412596, -1.142504, 12.343325, 
51860996336406, 3, 0.626872, -1.7102375, 11.955254, 
51861016416979, 3, 0.8544445, -1.3077935, 10.323918, 
51861036161875, 3, 1.216165, -1.1113625, 9.229175, 
51861056272969, 3, 0.9119365, -1.731797, 9.760976, 
51861076017812, 3, 0.334621, -2.3186946, 10.884465, 
51861096128906, 3, -0.0366815, -2.541476, 11.040173, 
51861115873802, 3, -0.360074, -2.2372475, 10.208935, 
51861135832292, 3, -0.570878, -1.7964755, 9.284271, 
51861155790781, 3, -0.5157815, -1.3030025, 8.661442, 
51861175535625, 3, -0.407984, -0.8574395, 8.256602, 
51861195616198, 3, -0.3768425, -0.5029055, 7.9284186, 
51861215361094, 3, -0.1756205, -0.232214, 7.4636917, 
51861235472187, 3, 0.095071, 0.0720145, 6.737855, 
51861255217031, 3, 0.291502, 0.2876095, 6.158144, 
51861275358646, 3, 0.401695, 0.270841, 5.961713, 
51861295103542, 3, 0.372949, 0.222931, 6.3090606, 
51861315184062, 3, 0.3274345, -0.0812975, 6.9414725, 
51861334928958, 3, 0.257965, -0.265751, 7.451714, 
51861355009531, 3, 0.2411965, -0.136394, 7.820621, 
51861374754375, 3, 0.310666, -0.045365, 8.184737, 
51861394834948, 3, 0.459187, -0.351989, 8.8962, 
51861414579844, 3, 0.564589, -0.8047385, 9.981362, 
51861434538333, 3, 0.8879815, -1.1592726, 10.853324, 
51861454466302, 3, 0.8352805, -1.616813, 11.806733, 
51861474211198, 3, 0.018415, -2.000093, 12.800865, 
51861494352812, 3, -0.805637, -1.425173, 13.212892, 
51861514097656, 3, -1.7279046, -0.8191115, 13.452441, 
51861534147708, 3, -2.4369726, -0.998774, 13.723133, 
51861553892604, 3, -2.7244325, -1.9210415, 13.886027, 
51861573973125, 3, -2.6286125, -2.5486624, 13.061975, 
51861593718021, 3, -2.664545, -2.234852, 11.976813, 
51861613829114, 3, -2.793902, -1.5473435, 11.018614, 
51861633573958, 3, -2.932841, -1.4658965, 10.343082, 
51861653654531, 3, -2.9016995, -1.976138, 9.808886, 
51861673399427, 3, -2.78432, -1.947392, 9.468725, 
51861693480000, 3, -2.5615385, -1.4323595, 9.03993, 
51861713224844, 3, -2.16149, -1.2023915, 8.1512, 
51861733488542, 3, -1.6464576, -0.8766035, 7.121135, 
51861753233385, 3, -1.141007, -0.725687, 6.3521795, 
51861773161406, 3, -0.8942705, -1.013147, 6.09107, 
51861792906250, 3, -0.8224055, -0.7520375, 6.071906, 
51861812864739, 3, -0.8080325, -0.284915, 5.990459, 
51861832823229, 3, -0.896666, -0.0285965, 5.7557, 
51861852568125, 3, -1.150589, 0.17023, 5.70779, 
51861872709739, 3, -1.7183225, -0.112439, 6.239591, 
51861892508750, 3, -2.1734674, -0.7041275, 6.9366813, 
51861912589323, 3, -2.535188, -1.214369, 7.4253635, 
51861932334219, 3, -2.578307, -1.0969895, 7.4828553, 
51861952445260, 3, -2.635799, -1.0299155, 7.504415, 
51861972190156, 3, -2.923259, -1.089803, 7.8182254, 
51861992301250, 3, -3.4095454, -1.4084045, 8.326072, 
51862012046094, 3, -4.0275846, -2.2659936, 8.829126, 
51862032096146, 3, -4.465961, -2.709161, 9.142937, 
51862051841042, 3, -4.8037267, -2.661251, 9.41842, 
51862071921614, 3, -5.151074, -2.570222, 9.940639, 
51862091666458, 3, -5.4457207, -2.685206, 9.947825, 
51862111808073, 3, -5.443325, -3.159515, 9.037535, 
51862131552969, 3, -5.5367494, -3.820673, 8.371586, 
51862151480937, 3, -5.8290005, -5.440031, 8.589577, 
51862171378385, 3, -6.0254316, -6.455723, 9.15731, 
51862191123281, 3, -5.400206, -6.1323304, 8.242229, 
51862211325885, 3, -4.9378743, -5.2268314, 6.445604, 
51862231070781, 3, -5.51519, -4.9824905, 5.626343, 
51862251151354, 3, -6.8494835, -5.6005297, 5.635925, 
51862270896198, 3, -8.207732, -5.349002, 5.9449444, 
51862290946250, 3, -9.199469, -4.4267344, 6.3042693, 
51862310691146, 3, -9.506093, -3.5691454, 6.1940765, 
51862330802239, 3, -9.419855, -3.102023, 5.540105, 
51862350547083, 3, -9.20426, -3.0133896, 4.7040753, 
51862370688698, 3, -8.82098, -3.389483, 4.2489305, 
51862390433542, 3, -8.425722, -3.6074736, 4.088432, 
51862410514114, 3, -8.10233, -3.557168, 3.98303, 
51862430259010, 3, -7.9705777, -3.4302065, 3.74348, 
51862450217500, 3, -7.91069, -3.293663, 3.317081, 
51862470145469, 3, -7.795706, -3.1619105, 2.92901, 
51862489890364, 3, -7.771751, -3.0660906, 2.598431, 
51862510031979, 3, -7.9609957, -2.9606886, 2.3564856, 
51862529776823, 3, -8.329903, -2.80019, 2.2079644, 
51862549887917, 3, -8.974292, -2.982248, 2.085794, 
51862569632760, 3, -9.843859, -2.8504956, 2.152868, 
51862589713333, 3, -10.873923, -2.828936, 2.3181574, 
51864800114896, 3, -7.5825067, -1.5042245, 1.4461955, 
51864820134427, 3, -7.647185, -1.372472, 1.4174495, 
51864840184479, 3, -7.781333, -1.228742, 1.343189, 
51864860204010, 3, -8.00651, -1.0969895, 1.2976745, 
51864879586510, 3, -8.313134, -0.9772145, 1.3647485, 
51864899331354, 3, -8.564661, -0.8574395, 1.4270315, 
51864919045729, 3, -8.777861, -0.802343, 1.515665, 
51864939492500, 3, -9.144373, -0.8143205, 1.760006, 
51864959206875, 3, -10.073827, -0.97961, 2.148077, 
51864979317917, 3, -10.8332, -1.132922, 2.2702475, 
51864999032292, 3, -11.544663, -1.305398, 2.2462926, 
51865019173906, 3, -11.937526, -1.7102375, 2.4331415, 
51865038888229, 3, -12.224985, -2.345045, 2.8595405, 
51865058846771, 3, -12.4837, -3.073277, 3.4871614, 
51865078805260, 3, -12.828651, -3.561959, 4.2010207, 
51865098519583, 3, -13.072992, -3.825464, 4.553159, 
51865118630677, 3, -12.979568, -3.791927, 4.2680945, 
51865138345052, 3, -12.610661, -3.61466, 3.494348, 
51865158486614, 3, -11.896802, -3.399065, 2.9266145, 
51865178200989, 3, -10.591254, -3.217007, 2.9026594, 
51865198342604, 3, -9.194678, -3.351155, 2.9649425, 
51865218056927, 3, -8.169404, -3.7655766, 2.9936886, 
51865238198542, 3, -7.422008, -3.9907534, 2.9074504, 
51865257912917, 3, -6.85667, -4.1967664, 2.6391544, 
51865278054531, 3, -6.5428596, -4.443503, 2.588849, 
51865297768854, 3, -6.3560104, -4.5081816, 2.7253926, 
51865317849427, 3, -6.315287, -4.3644514, 2.876309, 
51865337563802, 3, -6.3512197, -4.2063484, 3.010457, 
51865357735885, 3, -6.401525, -4.1057377, 3.245216, 
51865377450260, 3, -6.6003513, -4.098551, 3.479975, 
51865397408750, 3, -6.9836316, -4.1488566, 3.657242, 
51865417367239, 3, -7.738214, -4.242281, 3.709943, 
51865437081614, 3, -8.811398, -4.247072, 3.767435, 
51865457192708, 3, -10.148087, -4.1967664, 3.9566796, 
51865476907031, 3, -11.539872, -4.1488566, 4.0764546, 
51865497048646, 3, -12.330387, -4.0051265, 4.045313, 
51865516763021, 3, -12.268105, -3.7176664, 3.7602484, 
51865536874114, 3, -12.53161, -3.490094, 3.479975, 
51865556588437, 3, -13.137671, -3.5308175, 3.5111165, 
51865576730052, 3, -13.099343, -3.815882, 3.594959, 
51865596444427, 3, -12.77595, -4.1584387, 3.666824, 
51865616585989, 3, -11.62132, -4.3788247, 3.796181, 
51865636300364, 3, -10.23193, -4.223117, 3.479975, 
51865656289375, 3, -9.863023, -3.8805604, 2.909846, 
51865676278385, 3, -10.605627, -3.4972806, 2.780489, 
51865695962239, 3, -11.654857, -3.0948365, 3.053576, 
51865715676562, 3, -12.335178, -2.7594664, 3.341036, 
51865736092864, 3, -12.260918, -2.5630355, 3.3578045, 
51865755807187, 3, -11.307509, -2.325881, 3.12065, 
51865775765677, 3, -10.054663, -2.0168614, 2.766116, 
51865795724167, 3, -9.043761, -1.8635495, 2.382836, 
51865815438542, 3, -8.392185, -1.7294015, 2.1217265, 
51865835610677, 3, -7.9274583, -1.7198195, 1.999556, 
51865855325000, 3, -7.628021, -1.8348035, 1.8198935, 
51865875405573, 3, -7.426799, -1.7964755, 1.6426265, 
51865895282760, 3, -7.3860755, -1.7294015, 1.419845, 
51865915424375, 3, -7.493873, -1.7581475, 1.2593465, 
51865935138698, 3, -7.5729246, -1.8539675, 1.0916615, 
51865955310833, 3, -7.71905, -1.822826, 0.864089, 
51865975025208, 3, -7.9945326, -1.7246104, 0.720359, 
51865995136250, 3, -8.365835, -1.655141, 0.605375, 
51866014850625, 3, -8.77307, -1.60244, 0.619748, 
51866034961719, 3, -8.969501, -1.497038, 0.6173525, 
51866054676042, 3, -8.9431505, -1.3748676, 0.255632, 
51866074817656, 3, -8.926382, -1.3317485, 0.0520145, 
51866094532031, 3, -9.290498, -1.4131955, 0.3203105, 
51866114490521, 3, -10.124132, -1.463501, 0.974282, 
51866134418489, 3, -10.742171, -1.535366, 1.740842, 
51866154132864, 3, -11.108683, -1.9354146, 2.3996046, 
51866174304948, 3, -11.149406, -2.220479, 3.144605, 
51866194019323, 3, -11.436866, -2.5965724, 4.452548, 
51866214130417, 3, -11.980644, -2.8600774, 5.616761, 
51866233844739, 3, -12.419021, -2.65646, 6.0072274, 
51866253955833, 3, -12.545982, -2.421701, 5.731745, 
51866273670208, 3, -12.349551, -2.2085016, 5.0873556, 
51866293811823, 3, -11.441657, -2.038421, 4.744799, 
51866313526146, 3, -9.949261, -2.052794, 4.792709, 
51866333667760, 3, -8.552684, -2.2372475, 5.0442367, 
51866353382135, 3, -7.503455, -2.651669, 5.0681915, 
51866373523698, 3, -6.708149, -3.1379554, 4.7951045, 
51866393238073, 3, -6.094901, -3.585914, 4.409429, 
51866413318523, 3, -5.70683, -3.921284, 4.136342, 
51866433032898, 3, -5.702039, -4.060223, 4.121969, 
51866452991387, 3, -5.8673286, -4.108133, 4.3255863, 
51866472949877, 3, -6.056573, -4.050641, 4.5124354, 
51866492664200, 3, -6.324869, -4.036268, 4.629815, 
51866512866856, 3, -6.401525, -4.0913644, 4.620233, 
51866532581231, 3, -6.550046, -4.165625, 4.36631, 
51866552692273, 3, -7.2375546, -4.3117504, 4.131551, 
51866572406648, 3, -8.480819, -4.4890175, 4.006985, 
51866592578783, 3, -10.119341, -4.807619, 3.915956, 
51866612291700, 3, -11.554246, -5.080706, 4.0285444, 
51866632280710, 3, -11.700371, -5.1789217, 4.093223, 
51866652239252, 3, -11.295531, -5.095079, 3.5206985, 
51866671923054, 3, -12.41423, -5.133407, 3.178142, 
51866691637429, 3, -13.968909, -5.440031, 3.4536245, 
51866712053679, 3, -14.6061125, -6.0604653, 4.069268, 
51866731768054, 3, -13.693427, -6.498842, 4.246535, 
51866751726544, 3, -12.287269, -6.4724913, 3.3769684, 
51866771654513, 3, -12.416626, -6.379067, 2.373254, 
51866791368888, 3, -13.698218, -6.5539384, 2.1983826, 
51866811540971, 3, -15.015743, -6.7982793, 2.224733, 
51866831255346, 3, -15.978734, -6.8126526, 2.2223375, 
51866851396960, 3, -16.024248, -6.752765, 2.282225, 
51866871111283, 3, -15.348718, -6.618617, 2.569685, 
51866891222377, 3, -14.462382, -6.431768, 2.622386, 
51866911352794, 3, -13.37243, -6.1323304, 2.2798295, 
51866931524877, 3, -12.466931, -6.038906, 1.980392, 
51866951239252, 3, -11.575805, -5.904758, 2.057048, 
51866971319825, 3, -10.677492, -6.01016, 2.358881, 
51866991034200, 3, -9.992379, -5.7394686, 2.5912445, 
51867011206283, 3, -9.467765, -5.564597, 2.6008265, 
51867030920658, 3, -9.237797, -4.8195963, 3.0320165, 
51867051001231, 3, -8.84733, -4.376429, 3.6165185, 
51867070715554, 3, -8.286783, -4.6327477, 3.518303, 
51867090674096, 3, -8.00651, -4.060223, 3.5781906, 
51867110632585, 3, -7.513037, -2.900801, 4.136342, 
51867130346908, 3, -6.7488723, -1.6287905, 4.682516, 
51867150519044, 3, -5.625383, -0.2873105, 4.946021, 
51867170233419, 3, -4.609691, -0.054947, 4.974767, 
51867190374981, 3, -3.6922145, -0.6657995, 5.2885776, 
51867210089356, 3, -2.6956866, -0.5651885, 5.976086, 
51867230169929, 3, -2.089625, 0.481645, 6.637244, 
51867249884252, 3, -2.008178, 1.928527, 7.164254, 
51867270025867, 3, -1.5410554, 2.3956494, 7.4253635, 
51867289740242, 3, -0.647534, 2.675923, 7.231328, 
51867309881856, 3, 0.5813575, 2.244733, 7.264865, 
51867329596179, 3, 1.28803, 0.869716, 8.120058, 
51867349707273, 3, 0.4951195, 0.8481565, 8.865059, 
51867369421648, 3, -0.4151705, 1.51171, 9.233966, 
51867389380138, 3, -0.4103795, 1.938109, 9.360928, 
51867409308106, 3, -0.264254, 1.4638, 9.085445, 
51867429022481, 3, 0.0447655, 0.9966775, 8.58239, 
51867449133523, 3, 0.6628045, 0.864925, 8.009866, 
51867468847898, 3, 1.637773, 1.0781245, 7.5163927, 
51867489081075, 3, 2.140828, 1.233832, 7.4157815, 
51867508795398, 3, 2.0521946, 1.1356165, 7.360685, 
51867528906492, 3, 1.8413905, 0.8721115, 7.341521, 
51867548620867, 3, 1.589863, 0.773896, 7.3534985, 
51867568762429, 3, 1.3670815, 1.0733335, 7.303193, 
51867588476804, 3, 1.1466955, 1.3416295, 7.451714, 
51867608465815, 3, 0.9598465, 1.2601825, 7.7607336, 
51867628424304, 3, 0.7969525, 1.4566135, 8.036216, 
51867648138679, 3, 0.7729975, 1.665022, 8.256602, 
51867668158210, 3, 1.082017, 1.6769994, 8.453033, 
51867687872533, 3, 1.4102005, 1.9021765, 8.929737, 
51867707983627, 3, 1.3191715, 2.081839, 9.703484, 
51867727698002, 3, 1.235329, 2.153704, 10.333501, 
51867747839617, 3, 1.345522, 1.981228, 10.714385, 
51867767553940, 3, 1.6784965, 1.631485, 11.011427, 
51867787756596, 3, 2.164783, 1.4661955, 11.298887, 
51867807470971, 3, 2.754076, 1.918945, 11.310864, 
51867827612533, 3, 3.58771, 2.4148135, 10.97789, 
51867847326908, 3, 3.798514, 1.8303115, 11.272536, 
51867867438002, 3, 2.409124, -0.2202365, 12.968551, 
51867887152325, 3, 1.8845094, -1.0490795, 13.0883255, 
51867907110815, 3, 2.509735, -0.0477605, 11.112038, 
51867927038835, 3, 2.3875644, 0.136693, 10.335896, 
51867946901752, 3, 1.426969, -0.9436775, 11.26535, 
51867966982325, 3, 0.660409, -1.635977, 11.811524, 
51867986696700, 3, 0.2268235, -1.310189, 11.001845, 
51868006838315, 3, -0.0558455, -0.6466355, 9.725043, 
51868026552638, 3, -0.1133375, 0.352288, 8.623114, 
51868046785815, 3, -0.259463, 0.917626, 8.021843, 
51868066500138, 3, -0.3049775, 0.8960665, 7.609817, 
51868086458627, 3, -0.1468745, 0.7523365, 7.2768426, 
51868106386648, 3, 0.061534, 1.0350055, 6.982196, 
51868126100971, 3, 0.200473, 1.32007, 6.6971316, 
51868146303627, 3, 0.262756, 1.3224655, 6.598916, 
51868166018002, 3, 0.4136725, 1.2553915, 6.7162957, 
51868186129044, 3, 0.6005215, 1.276951, 7.0325017, 
51868205843419, 3, 0.895168, 1.3080925, 7.4014087, 
51868225985033, 3, 1.0077565, 1.411099, 7.9667463, 
51868245699356, 3, 0.943078, 1.487755, 8.872246, 
51868265810450, 3, 0.770602, 1.401517, 9.806491, 
51868285524825, 3, 0.852049, 1.6530445, 10.230494, 
51868305666440, 3, 0.8209075, 1.9429, 10.505977, 
51868325380763, 3, 0.717901, 1.5428514, 11.112038, 
51868345491856, 3, 0.756229, 1.435054, 11.758823, 
51868365206231, 3, 0.205264, 1.8351026, 12.657136, 
51868385164721, 3, -0.393611, 1.2026905, 13.488374, 
51868405123210, 3, -1.0044636, 0.088783, 14.008198, 
51868424837533, 3, -1.5937566, -0.2106545, 13.869259, 
51868445009669, 3, -2.1303484, 0.213349, 13.342249, 
51868464724044, 3, -2.367503, 0.9056485, 12.745769, 
51868484865658, 3, -2.3076155, 0.908044, 12.178036, 
51868504579981, 3, -1.9051715, 0.342706, 11.222231, 
51868524660554, 3, -1.179335, 0.131902, 10.113114, 
51868544374929, 3, -0.3768425, 0.103156, 9.320204, 
51868564516492, 3, 0.2507785, 0.222931, 8.776425, 
51868584230867, 3, 0.698737, 0.496018, 8.160782, 
51868604341960, 3, 0.837676, 0.673285, 7.6649137, 
51868624056283, 3, 0.746647, 0.869716, 7.389431, 
51868644197898, 3, 0.593335, 1.205086, 7.2289324, 
51868663912273, 3, 0.6532225, 1.3033015, 7.0899935, 
51868684023367, 3, 0.7155055, 1.2506005, 7.0516653, 
51868703737690, 3, 0.578962, 1.2745554, 7.1714406, 
51868723696179, 3, 0.3178525, 1.430263, 7.3822446, 
51868743624200, 3, -0.067823, 1.473382, 7.758338, 
51868763338523, 3, -0.154061, 1.492546, 8.024239, 
51868783541179, 3, 0.027997, 1.7153275, 8.330862, 
51868803255502, 3, -0.0414725, 2.27827, 9.01358, 
51868823366596, 3, -0.158852, 2.378881, 9.672342, 
51868843080971, 3, -0.077405, 2.1896365, 10.084369, 
51868863222585, 3, 0.0974665, 2.115376, 10.505977, 
51868882936908, 3, 0.440023, 1.9452955, 10.949144, 
51868903017481, 3, 0.818512, 1.8973855, 11.155157, 
51868922618835, 3, 0.909541, 1.7871925, 11.428244, 
51868942760450, 3, 1.230538, 1.569202, 11.655816, 
51868962474773, 3, 1.728802, 1.521292, 11.514482, 
51868982616388, 3, 1.882114, 1.200295, 11.631862, 
51869002330763, 3, 1.819831, 0.2971915, 11.981605, 
51869022289252, 3, 1.7934805, -0.0477605, 11.806733, 
51869042217221, 3, 1.867741, 0.1438795, 11.049755, 
51869061931544, 3, 1.680892, -0.0573425, 10.788646, 
51869082073158, 3, 1.2568885, -0.672986, 10.99945, 
51869101787533, 3, 0.7825795, -1.0251245, 10.994658, 
51869121959669, 3, 0.3849265, -1.003565, 10.534722, 
51869141673992, 3, 0.1789135, -0.9317, 9.772953, 
51869161785085, 3, 0.0735115, -0.481346, 9.008789, 
51869181499460, 3, 0.123817, 0.146275, 8.316489, 
51869201641023, 3, 0.205264, 0.7619185, 7.748756, 
51869221355398, 3, 0.214846, 1.205086, 7.3199615, 
51869241466492, 3, 0.2795245, 1.3751665, 6.8791895, 
51869261180815, 3, 0.535843, 1.358398, 6.436022, 
51869281322429, 3, 0.770602, 1.377562, 6.3234334, 
51869301036804, 3, 0.9502645, 1.435054, 6.565379, 
51869320964773, 3, 1.0556664, 1.2841375, 6.8648167, 
51869340862221, 3, 1.1562775, 1.090102, 7.164254, 
51869360576596, 3, 1.2137696, 1.037401, 7.62419, 
51869380596127, 3, 1.3047985, 1.037401, 8.155991, 
51869400615658, 3, 1.340731, 0.9391855, 8.786008, 
51869420329981, 3, 1.2520975, 0.7810825, 9.435188, 
51869440471596, 3, 1.3670815, 0.682867, 9.847214, 
51869460185971, 3, 1.5635124, 0.414571, 10.252053, 
51869480297065, 3, 1.5970495, 0.203767, 10.913212, 
51869500011388, 3, 1.273657, 0.539137, 11.895367, 
51869520183523, 3, 0.47356, 1.08052, 12.769724, 
51869539897898, 3, -0.125315, 0.6277705, 12.925431, 
51869559978419, 3, -0.3480965, -0.21305, 12.99011, 
51869579692794, 3, -0.652325, -0.730478, 13.1410265, 
51869599803888, 3, -1.1529845, -0.9101405, 13.145818, 
51869619518263, 3, -1.610525, -0.658613, 12.563711, 
51869639659825, 3, -1.658435, -0.744851, 11.550414, 
51869659374200, 3, -1.4212805, -0.965237, 10.704803, 
51869679363210, 3, -1.040396, -0.7041275, 10.287986, 
51869699321700, 3, -0.551714, -0.2729375, 9.792117, 
51869719036075, 3, -0.0462635, -0.0190145, 8.96567, 
51869739177638, 3, 0.4184635, 0.290005, 7.9763284, 
51869758892013, 3, 0.655618, 0.582256, 7.1714406, 
51869778972585, 3, 0.6053125, 0.572674, 6.900749, 
51869798686960, 3, 0.4520005, 0.4073845, 6.958241, 
51869818828523, 3, 0.37774, 0.4073845, 6.9510546, 
51869838542898, 3, 0.2795245, 0.462481, 6.80972, 
51869858653992, 3, 0.3370165, 0.3738475, 6.895958, 
51869878368315, 3, 0.449605, 0.189394, 7.1953955, 
51869898540450, 3, 0.382531, -0.1819085, 7.820621, 
51869918254825, 3, 0.162145, -0.471764, 8.453033, 
51869938365919, 3, 0.061534, -0.366362, 8.750075, 
51869958118054, 3, 0.166936, -0.0908795, 8.941715, 
51869978107065, 3, 0.0639295, -0.1052525, 9.650783, 
51869998065554, 3, -0.537341, -0.8622305, 10.872488, 
51870017779929, 3, -0.944576, -1.108967, 12.034306, 
51870037921544, 3, -0.91583, -0.419063, 12.554129, 
51870057635867, 3, -0.350492, 0.2157445, 12.182826, 
51870077746960, 3, 0.099862, 0.400198, 12.211573, 
51870097461335, 3, -0.0127265, -0.1244165, 13.44286, 
51870117602950, 3, 0.0783025, -0.874208, 14.072876, 
51870137317273, 3, -0.2139485, -1.3317485, 14.295657, 
51870157428367, 3, -0.0558455, -0.8239025, 13.909982, 
51870177142742, 3, 0.3370165, -0.078902, 12.669113, 
51870197253783, 3, 0.8736085, 0.2924005, 11.318051, 
51870216968158, 3, 0.80893, -0.6897545, 10.78625, 
51870237079252, 3, 0.7202965, -1.2407196, 11.480945, 
51870256793575, 3, 0.9071455, -0.9436775, 11.516877, 
51870276965710, 3, 0.6652, -0.8430665, 10.144256, 
51870296680085, 3, 0.2603605, -0.864626, 8.541666, 
51870316791179, 3, -0.336119, -1.0778255, 8.084126, 
51870336505502, 3, -0.752936, -0.97961, 8.524898, 
51870356463992, 3, -1.01165, -0.5891435, 8.920156, 
51870376422481, 3, -0.824801, -0.3400115, 8.393146, 
51870396136856, 3, -0.6068105, -0.486137, 7.4445276, 
51870416247950, 3, -0.3720515, -0.11723, 6.929495, 
51870435962325, 3, -0.120524, 0.385825, 6.469559, 
51870456073367, 3, 0.1022575, -0.102857, 6.2659416, 
51870475787742, 3, 0.440023, -0.7376645, 6.6013117, 
51870495959877, 3, 0.6532225, -0.4597865, 7.427759, 
51870515674200, 3, 0.3274345, 0.620584, 8.019447, 
51870535693731, 3, -7.49E-4, -0.074111, 8.48657, 
51870555713263, 3, 0.32983, -0.332825, 8.194319, 
51870575397117, 3, 0.3992995, -0.634658, 8.086521, 
51870595111492, 3, 0.13819, -0.581957, 8.148805, 
51870615466700, 3, -0.029495, -0.8526485, 8.07694, 
51870635181075, 3, 0.253174, -1.8683405, 9.051908, 
51870655292117, 3, 0.583753, -3.331991, 10.810205, 
51870675006492, 3, 0.310666, -3.9045155, 12.79847, 
51870694964981, 3, 0.075907, -4.328519, 13.184146, 
51870714923471, 3, -0.494222, -5.1932945, 12.956573, 
51870734637846, 3, -1.428467, -5.19569, 12.999692, 
51870754809981, 3, -1.29911, -3.7272484, 12.539756, 
51870774524304, 3, -1.145798, -3.2194026, 11.33961, 
51870794635398, 3, -1.476377, -3.777554, 9.952616, 
51870814349773, 3, -1.4069076, -4.855529, 10.304754, 
51870834491335, 3, -0.7265855, -4.2063484, 10.757504, 
51870854205710, 3, -7.49E-4, -4.4938083, 9.224384, 
51870874316804, 3, 0.2843155, -5.7730055, 8.287744, 
51870894031127, 3, 0.660409, -5.2268314, 7.9380007, 
51870914172742, 3, 1.3622905, -3.609869, 7.9092546, 
51870933887117, 3, 1.426969, -2.206106, 7.8086433, 
51870953845606, 3, 0.6148945, -2.1941285, 6.8312793, 
51870973804096, 3, 0.583753, -1.9066685, 6.2898965, 
51870993758263, 3, 0.574171, -0.946073, 7.04927, 
51871013930346, 3, 0.176518, -0.826298, 6.852839, 
51871033644721, 3, 0.3370165, -0.2633555, 6.8552346, 
51871053725294, 3, 0.6580135, 0.189394, 8.22546, 
51871073439617, 3, 0.1861, 1.495E-4, 9.260317, 
51871093550710, 3, 0.0830935, -0.5220695, 9.701089, 
51871113265085, 3, 0.5142835, -0.7759925, 9.416024, 
51871133406700, 3, 1.2281425, -0.567584, 9.792117, 
51871153121023, 3, 1.273657, -1.7102375, 9.964594, 
51871173262638, 3, 1.00057, -2.3857684, 10.755109, 
51871192977013, 3, 0.890377, -2.6636465, 11.227022, 
51871213118575, 3, 1.2520975, -2.555849, 11.243791, 
51871232832950, 3, 0.5621935, -2.5199165, 11.512087, 
51871252944044, 3, 0.7825795, -2.948711, 11.665399, 
51871272658367, 3, 0.2555695, -3.7895315, 11.981605, 
51871292616908, 3, -0.10136, -4.256654, 12.082215, 
51871312544877, 3, 0.7634155, -3.7128756, 10.958726, 
51871332259200, 3, 1.5156025, -2.584595, 10.76469, 
51871352492377, 3, 1.3527085, -2.99183, 11.583952, 
51871372206752, 3, 0.3657625, -2.6971836, 11.162343, 
51871392287273, 3, -0.762518, -2.230061, 10.122697, 
51871412001648, 3, -1.356602, -2.3570225, 9.564545, 
51871432173783, 3, -0.9182255, -1.137713, 9.435188, 
51871451888106, 3, -0.5876465, 0.285214, 8.944111, 
51871472029721, 3, -0.5684825, 1.109266, 7.916441, 
51871491744096, 3, -0.3337235, 1.780006, 7.6744957, 
51871511733106, 3, 0.1549585, 2.1465175, 7.5643024, 
51871531691596, 3, 0.593335, 1.3895395, 7.221746, 
51871551375450, 3, 0.310666, 0.0911785, 7.600235, 
51871571089773, 3, 0.2603605, -0.4549955, 7.499624, 
51871591506023, 3, 0.42565, -0.768806, 6.450395, 
51871611220398, 3, 1.302403, -1.640768, 6.124607, 
51871631178888, 3, 1.369477, -2.5438714, 7.7271967, 
51871651106856, 3, 0.8736085, -3.494885, 9.487889, 
51871670821231, 3, 0.9311005, -4.8818793, 9.99334, 
51871690962846, 3, 1.4868565, -5.013632, 9.770558, 
51871710677169, 3, 1.6880785, -3.5116534, 9.617246, 
51871730818783, 3, 1.8222265, -2.9511065, 9.497471, 
51871750533158, 3, 1.685683, -2.4193056, 10.47723, 
51871770644252, 3, 1.4820656, -1.276652, 11.490527, 
51871790358575, 3, 0.660409, -0.289706, 11.258163, 
51871810500190, 3, -0.6020195, -0.30887, 11.373148, 
51871830214565, 3, -0.9757175, -0.4549955, 11.658212, 
51871850356127, 3, -1.4212805, -0.658613, 11.5408325, 
51871870070502, 3, -2.9160726, -0.3543845, 11.79236, 
51871890181596, 3, -4.537826, 0.591838, 12.958968, 
51871909895919, 3, -4.786958, 0.9056485, 12.733791, 
51871930037533, 3, -3.5724394, 0.687658, 11.229418, 
51871949751908, 3, -2.1543036, 0.864925, 10.505977, 
51871969679877, 3, -0.7721, -0.1100435, 10.290381, 
51871989607846, 3, 0.119026, -1.2742565, 10.364642, 
51872009200190, 3, 0.574171, -1.3844495, 10.522745, 
51872029402794, 3, 0.9454735, -0.677777, 9.852005, 
51872049117169, 3, 0.837676, 0.4792495, 8.910574, 
51872069228263, 3, 0.320248, 1.377562, 8.455428, 
51872088942585, 3, -0.0893825, 1.588366, 7.935605, 
51872109084200, 3, -0.3864245, 0.860134, 8.381168, 
51872128798575, 3, -0.609206, 0.4361305, 7.882904, 
51872148940190, 3, -0.3145595, 0.8864845, 7.09718, 
51872168654513, 3, -0.6595115, 0.8242015, 7.5978394, 
51872188765606, 3, -0.546923, 0.7187995, 8.100895, 
51872208479981, 3, -0.4055885, 1.042192, 8.58239, 
51872228438471, 3, -0.3672605, 1.583575, 8.941715, 
51872248366440, 3, -0.216344, 1.688977, 9.2363615, 
51872268080815, 3, -0.3768425, 1.042192, 9.856796, 
51872288161335, 3, -0.1852025, -0.1100435, 9.82805, 
51872307875710, 3, 0.027997, -0.02141, 10.187375, 
51872327986804, 3, 0.784975, 0.165439, 10.973099, 
51872347701179, 3, 1.0508755, 0.55351, 11.84027, 
51872367842742, 3, 1.4389465, 0.3546835, 12.276251, 
51872387557117, 3, 1.331149, -0.294497, 12.408004, 
51872407668210, 3, 0.7921615, -0.8622305, 12.417585, 
51872427382533, 3, 1.225747, 0.069619, 11.797151, 
51872447524148, 3, 1.6018405, -0.174722, 10.860511, 
51872467238523, 3, 1.1993965, -0.06932, 10.8365555, 
51872487380085, 3, 0.8209075, -0.768806, 10.592215, 
51872507094460, 3, 0.2268235, -1.6192085, 10.283195, 
51872527205554, 3, 0.095071, -1.329353, 9.907102, 
51872546919929, 3, -0.1612475, -0.7232915, 8.936924, 
51872567061492, 3, -0.590042, 0.103156, 8.261393, 
51872586775867, 3, 0.3609715, 1.013446, 8.100895, 
51872606886960, 3, 0.1549585, 1.3320475, 8.148805, 
51872626601283, 3, 0.5142835, 1.0254235, 7.7942705, 
51872646742898, 3, 0.5334475, 0.912835, 7.303193, 
51872666457273, 3, 0.3322255, 1.181131, 7.173836, 
51872686415763, 3, 0.358576, 0.817015, 7.2193503, 
51872706343731, 3, 0.4424185, 0.472063, 7.504415, 
51872726058106, 3, 0.6053125, 0.472063, 8.328467, 
51872746230190, 3, 0.5765665, 0.5415325, 9.066281, 
51872765944565, 3, 0.555007, 0.543928, 9.4998665, 
51872785994617, 3, 0.7107145, 1.018237, 9.677134, 
51872805708992, 3, 0.947869, 1.4326586, 9.638805, 
51872825850554, 3, 1.4341555, 0.807433, 9.787327, 
