2889798009934, 3, -4.140173, 2.9657786, 8.853082, 
2889817602173, 3, -4.0515394, 1.8351026, 7.81583, 
2889837865871, 3, -4.2958803, -0.5172785, 6.910331, 
2889857458163, 3, -4.2000604, -3.715271, 6.7929516, 
2889877386132, 3, -4.015607, -5.080706, 7.2864246, 
2889897314100, 3, -3.977279, -4.33331, 6.3952985, 
2889916906392, 3, -4.432424, -4.1728115, 4.2441397, 
2889937292121, 3, -4.9857845, -8.558972, 3.1853285, 
2889956884413, 3, -3.579626, -10.791578, 3.6500554, 
2889976964986, 3, -2.573516, -8.029567, 4.831037, 
2889997045559, 3, -2.789111, -5.4088893, 6.167726, 
2890017034569, 3, -3.364031, -5.042378, 7.523579, 
2890036626861, 3, -3.6970055, -6.738392, 7.8805084, 
2890056921027, 3, -3.1556225, -7.083344, 7.681682, 
2890076513319, 3, -3.1843686, -6.460514, 8.062567, 
2890096777017, 3, -3.541298, -4.999259, 9.475911, 
2890116369309, 3, -4.2144337, -3.288872, 10.180188, 
2890136571913, 3, -5.1151414, -3.533213, 9.859192, 
2890156164205, 3, -4.8995466, -5.190899, 8.989625, 
2890176122694, 3, -4.997762, -4.9920726, 9.332182, 
2890196050663, 3, -6.0733414, -3.8757696, 9.818468, 
2890215642955, 3, -6.770432, -3.4829075, 9.181265, 
2890236089725, 3, -7.038728, -2.3953505, 8.505734, 
2890255682017, 3, -7.5872974, -2.263598, 7.9284186, 
2890275976236, 3, -7.5920887, -4.1776023, 7.0756207, 
2890295568527, 3, -8.040047, -4.807619, 7.3391256, 
2890315801652, 3, -8.387395, -3.791927, 7.2624693, 
2890335393944, 3, -9.381527, -3.3104315, 8.146409, 
2890355657590, 3, -9.810322, -3.1427464, 8.17755, 
2890375249882, 3, -10.852364, -0.7855745, 12.075029, 
2890395544100, 3, -12.371111, -4.3452873, 7.4157815, 
2890415136392, 3, -5.7571354, -6.4964466, 1.137176, 
2890435369517, 3, -7.292651, -3.178679, 3.1038816, 
2890454961809, 3, -7.632812, -1.9593695, 4.902902, 
2890474889777, 3, -6.7392907, -3.6170554, 5.051423, 
2890494817746, 3, -6.9069753, -3.0517175, 6.0934653, 
2890514410038, 3, -8.440096, -1.463501, 7.202582, 
2890534521132, 3, -9.668987, -1.305398, 7.427759, 
2890554632225, 3, -9.728874, -1.7485656, 7.3630805, 
2890574224517, 3, -9.230611, -2.4480515, 7.499624, 
2890594457642, 3, -8.892845, -2.4193056, 6.6827583, 
2890614049934, 3, -9.280916, -4.160834, 4.55795, 
2890634313632, 3, -9.264148, -5.3322334, 3.8560686, 
2890653617902, 3, -9.187491, -3.13556, 3.566213, 
2890673881548, 3, -9.980402, -3.403856, 3.2859395, 
2890693473840, 3, -10.394823, -6.1371217, 2.699042, 
2890713768007, 3, -9.989984, -6.9468007, 2.1792185, 
2890733360298, 3, -8.564661, -6.5251927, 2.2079644, 
2890753623996, 3, -7.1896443, -7.1911416, 0.7562915, 
2890773216288, 3, -6.439853, -7.8906274, 0.2101175, 
2890793479934, 3, -5.630174, -6.2377324, 0.0184775, 
2890813072225, 3, -5.4313474, -4.0865736, -0.870253, 
2890833366444, 3, -5.625383, -5.2268314, -1.272697, 
2891231254621, 3, -7.762169, -11.129343, -1.641604, 
2891251487746, 3, -6.650657, -11.172462, -1.699096, 
2891271720923, 3, -5.510399, -10.678989, -2.288389, 
2891291709934, 3, -4.772585, -10.568796, -2.662087, 
2891311302225, 3, -4.5306396, -10.853861, -2.43691, 
2891331382798, 3, -4.0132117, -10.789183, -1.876363, 
2891350975038, 3, -3.819176, -10.161562, -1.3661215, 
2891370964100, 3, -3.9461374, -9.874102, -0.7432915, 
2891390922590, 3, -3.6970055, -9.536336, -0.8151565, 
2891410514882, 3, -3.3376806, -8.343377, -0.913372, 
2891430656444, 3, -2.9591916, -7.2582154, -0.261796, 
2891450248736, 3, -2.487278, -5.650835, 0.2053265, 
2891470512434, 3, -1.869239, -2.546267, 0.8281565, 
2891490104725, 3, -1.8045605, 1.2266455, 2.708624, 
2891510429413, 3, -1.715927, 2.790907, 4.4501524, 
2891530021705, 3, -0.8271965, 0.960745, 4.759172, 
2891550407434, 3, -0.6068105, -1.4754785, 4.773545, 
2891569999725, 3, -0.364865, -1.3796585, 4.965185, 
2891590293892, 3, 0.3274345, -0.3495935, 5.3987703, 
2891609886184, 3, 0.8640265, -0.026201, 5.5760374, 
2891630119361, 3, 1.4581105, 0.826597, 5.7868414, 
2891649992694, 3, 1.824622, 1.4805685, 6.019205, 
2891669951184, 3, 2.2102976, 0.9679315, 6.3905077, 
2891689879152, 3, 2.6606514, 0.1534615, 6.6635947, 
2891709471444, 3, 2.691793, 0.826597, 7.5499296, 
2891729704569, 3, 2.3731916, 1.708141, 8.350026, 
2891749296861, 3, 2.155201, 1.7776105, 8.69977, 
2891769621600, 3, 1.9276285, 1.2841375, 8.800381, 
2891789213892, 3, 1.594654, 1.152385, 9.123773, 
2891809447017, 3, 1.24012, 1.3991215, 9.365719, 
2891829039309, 3, 1.2377245, 1.6865815, 9.787327, 
2891849333475, 3, 1.297612, 1.837498, 10.304754, 
2891868925767, 3, 1.3335445, 1.9596685, 10.352665, 
2891889342017, 3, 1.1514865, 1.693768, 10.292777, 
2891908934309, 3, 1.038898, 1.6099255, 10.505977, 
2891928984361, 3, 0.8592355, 1.6482534, 10.829369, 
2891949034413, 3, 0.631663, 1.6817905, 11.052151, 
2891968626705, 3, 0.550216, 1.3607935, 11.219835, 
2891988615715, 3, -0.2379035, 1.2218544, 11.440222, 
2892008208007, 3, -1.0811195, 1.722514, 11.603115, 
2892028441184, 3, -1.806956, 1.8111475, 11.655816, 
2892048033423, 3, -2.0249465, 1.1356165, 11.373148, 
2892068327642, 3, -1.9770365, 0.702031, 10.759899, 
2892087919934, 3, -1.663226, 0.7810825, 10.204144, 
2892108214100, 3, -1.529078, 1.046983, 10.069996, 
2892127806392, 3, -1.6991585, 0.845761, 10.132278, 
2892148039569, 3, -1.7901875, 0.5223685, 10.017295, 
2892167631861, 3, -1.706345, 0.2588635, 9.665156, 
2892187864986, 3, -1.6704125, 0.5127865, 9.473516, 
2892207457277, 3, -1.7087405, 0.9056485, 9.027953, 
2892227537850, 3, -1.4643995, 1.0302145, 8.292535, 
2892247587902, 3, -0.930203, 1.1931086, 7.739174, 
2892267180194, 3, -0.5397365, 1.1643625, 7.614608, 
2892287901600, 3, -0.494222, 1.018237, 7.628981, 
2892307677017, 3, -0.3528875, 1.3943305, 7.6361675, 
2892327330298, 3, -0.187598, 1.2649735, 7.2528877, 
2892346922590, 3, -0.063032, 1.248205, 7.1522765, 
2892367491444, 3, -0.1277105, 1.8925945, 7.743965, 
2892387083736, 3, -0.336119, 2.03872, 8.048194, 
2892407927225, 3, -0.398402, 2.163286, 8.100895, 
2892428038319, 3, -0.417566, 2.0171604, 8.3644, 
2892448118892, 3, -0.4487075, 1.9429, 8.706956, 
2892468260507, 3, -0.431939, 2.335762, 9.08305, 
2892488432642, 3, -0.6738845, 2.762161, 9.432793, 
2892508604725, 3, -0.8176145, 2.733415, 9.748999, 
2892528776861, 3, -0.695444, 2.690296, 9.998131, 
2892549132069, 3, -0.5636915, 2.8555856, 10.32871, 
2892569151600, 3, -0.417566, 3.116695, 10.7311535, 
2892589476340, 3, -0.3385145, 3.131068, 10.963517, 
2892609495871, 3, -0.273836, 2.6112444, 11.054546, 
2892629698475, 3, -0.3480965, 2.235151, 11.473759, 
2892649840090, 3, -0.216344, 1.7680285, 11.897762, 
2892670561548, 3, -0.077405, 1.315279, 11.981605, 
2892690504882, 3, 0.1837045, 0.912835, 11.555205, 
2892710829621, 3, 0.655618, 0.318751, 10.788646, 
2892730849152, 3, 1.163464, -0.107648, 10.081973, 
2892751173840, 3, 1.5922585, 0.615793, 9.92387, 
2892771193371, 3, 1.8126445, 1.027819, 9.832841, 
2892791487590, 3, 1.4964385, 0.261259, 9.73223, 
2892811568111, 3, 0.914332, -0.390317, 9.737021, 
2892831740246, 3, 0.5382385, -0.3352205, 9.789722, 
2892852431184, 3, 0.3226435, -0.3064745, 9.693902, 
2892872084465, 3, -0.077405, -0.3160565, 9.265107, 
2892892287121, 3, -0.2091575, 0.1534615, 8.568017, 
2892912520298, 3, 0.1549585, 0.8529475, 7.8948817, 
2892933119621, 3, 0.3274345, 0.534346, 7.8230166, 
2892952803475, 3, 0.2507785, 0.31396, 8.244624, 
2892973524934, 3, 0.28192, 0.534346, 8.383563, 
2892993117225, 3, 0.555007, 0.69724, 8.112872, 
2893013319830, 3, 0.669991, 0.735568, 8.060171, 
2893033491965, 3, 0.622081, 0.922417, 8.453033, 
2893053755611, 3, 0.564589, 1.2266455, 8.898596, 
2893073897225, 3, 0.756229, 1.4709865, 9.049513, 
2893094130402, 3, 0.971824, 1.890199, 9.049513, 
2893114210975, 3, 0.756229, 2.249524, 9.3417635, 
2893134383059, 3, 0.516679, 1.9165494, 9.873565, 
2893154555194, 3, 0.564589, 1.688977, 10.0676, 
2893174727330, 3, 0.5669845, 1.7009546, 10.264031, 
2893195021496, 3, -0.120524, 1.6578355, 10.843742, 
2893215071548, 3, -0.5397365, 1.5380605, 11.131202, 
2893235274205, 3, -0.7553315, 1.4374495, 11.231813, 
2893255415767, 3, -1.1721485, 2.139331, 11.471363, 
2893275618423, 3, -1.0715375, 2.120167, 10.965913, 
2893295760038, 3, -1.064351, 1.305697, 10.6257515, 
2893316481444, 3, -1.01165, 0.8289925, 10.716781, 
2893336104257, 3, -1.3302515, 0.428944, 10.470044, 
2893356245871, 3, -1.720718, 0.6852625, 9.705879, 
2893376448527, 3, -1.9530815, 0.955954, 9.468725, 
2893396651132, 3, -2.4561365, 0.1869985, 9.502262, 
2893416792746, 3, -2.5807025, 0.002545, 9.310622, 
2893436964882, 3, -2.6429856, 0.5559055, 8.56083, 
2893457930455, 3, -2.64059, 1.296115, 7.4876466, 
2893477370142, 3, -2.73641, 0.9343945, 6.675572, 
2893498091548, 3, -2.7962976, -1.8635495, 5.9880633, 
2893517683840, 3, -2.0776474, -1.9976975, 5.4083524, 
2893537581340, 3, -1.447631, 0.1869985, 5.070587, 
2893557448267, 3, -1.275155, 1.60753, 5.0106993, 
2893577406757, 3, -1.2919235, 1.7488645, 5.267018, 
2893596999048, 3, -1.332647, 0.26605, 5.401166, 
2893617293215, 3, -1.174544, -1.655141, 5.3939795, 
2893636885507, 3, -1.1194475, -2.527103, 5.9209895, 
2893657088163, 3, -1.2248495, -3.978776, 6.694736, 
2893676236340, 3, -0.9421805, -5.6867676, 7.3439164, 
2893696561027, 3, -0.7697045, -7.581608, 7.8661356, 
2893716153319, 3, -0.590042, -9.735163, 8.024239, 
2893736203371, 3, -0.2283215, -11.215582, 7.86374, 
2893756253423, 3, -0.077405, -12.030051, 7.6265855, 
2893775845715, 3, -0.034286, -12.255228, 7.28882, 
2893795987277, 3, 0.0591385, -12.171386, 7.2337236, 
2893815579569, 3, 0.1861, -11.464713, 7.087598, 
2893835965350, 3, 0.119026, -10.525678, 6.7929516, 
2893855557590, 3, -0.1660385, -10.573587, 6.493514, 
2893875729725, 3, -0.5828555, -11.680308, 6.555797, 
2893895322017, 3, -1.351811, -12.379794, 6.6683855, 
2893915585663, 3, -1.735091, -12.111499, 6.2132406, 
2894572507069, 3, -8.974292, -6.292829, 3.063158, 
2894592709725, 3, -8.96471, -5.53106, 3.341036, 
2894612881809, 3, -9.122813, -5.7969604, 3.0607624, 
2894633084465, 3, -9.096462, -5.751446, 2.7445564, 
2894652920871, 3, -9.340803, -5.5957384, 2.622386, 
2894672421600, 3, -9.898955, -5.353793, 2.675087, 
2894692319100, 3, -10.23672, -4.635143, 2.933801, 
2894712212382, 3, -10.7014475, -4.649516, 3.0128524, 
2894732414986, 3, -10.746962, -4.984886, 2.4379325, 
2895210015090, 3, -12.234568, -7.241447, 1.97081, 
2895230217746, 3, -11.111078, -7.389968, 1.7336555, 
2895250389830, 3, -10.435547, -6.9707556, 1.185086, 
2895270592486, 3, -10.900274, -5.885594, 0.8089925, 
2895290428892, 3, -11.575805, -5.133407, 0.8760665, 
2895310082225, 3, -12.040532, -4.7716866, 1.0102144, 
2895329674517, 3, -11.535082, -4.213535, 0.8089925, 
2895349999205, 3, -9.75283, -3.9572165, 0.3825935, 
2895369591496, 3, -8.087957, -3.9284706, -0.0438055, 
2895389855194, 3, -7.2950463, -4.227908, -0.324079, 
2895409447486, 3, -6.7632456, -4.529741, -0.5708155, 
2895429650090, 3, -6.9500947, -4.606397, -0.6666355, 
2895449242382, 3, -6.6770077, -4.534532, -0.9349315, 
2895469200871, 3, -6.320078, -4.7237763, -1.612858, 
2895489159361, 3, -6.353615, -5.5861564, -2.427328, 
2895508751652, 3, -6.5380683, -7.1863503, -3.3016856, 
2895528954309, 3, -6.5811877, -8.434406, -4.0059624, 
2895548546600, 3, -6.478181, -8.700307, -4.7246127, 
2895568840767, 3, -6.257795, -8.757798, -5.2276673, 
2895588433059, 3, -6.128438, -8.089454, -4.4850626, 
2895608666236, 3, -6.3560104, -7.231865, -3.2873125, 
2895628258527, 3, -6.5189047, -7.7181516, -2.8513315, 
2895648522173, 3, -6.530882, -8.376914, -3.783181, 
2895668114465, 3, -6.1068783, -8.345773, -4.588069, 
2895688591757, 3, -5.51519, -8.860805, -4.4227796, 
2895708660038, 3, -5.309177, -9.478844, -3.49093, 
2895728893163, 3, -5.175029, -9.430934, -2.3722315, 
2895748485455, 3, -5.012135, -8.616464, -1.6439995, 
2895768413423, 3, -4.9666204, -8.518249, -1.105012, 
2895788341444, 3, -5.026508, -8.817686, -0.669031, 
2895807933736, 3, -4.868405, -8.556577, -0.937327, 
2895828166861, 3, -4.729466, -8.154133, -0.985237, 
2895847759152, 3, -5.1055593, -9.179406, -0.213886, 
2895868328007, 3, -5.7092257, -10.089697, 0.4305035, 
2895887920298, 3, -5.9583573, -9.327928, 0.4352945, 
2895907939830, 3, -5.5127945, -8.520644, 0.1957445, 
2895927532121, 3, -4.547408, -7.5983763, 0.0184775, 
2895947734725, 3, -3.387986, -7.0090833, -0.18514, 
2895967327017, 3, -2.5423746, -7.131254, -0.367198, 
2895987621236, 3, -1.7279046, -7.619936, -0.66424, 
2896007213475, 3, -0.997277, -7.9337463, -1.579321, 
2896027233007, 3, -0.800846, -8.190065, -2.3913956, 
2896047222017, 3, -0.7170035, -8.302653, -2.360254, 
2896066814309, 3, -0.518177, -8.676352, -2.34109, 
2896087047486, 3, -0.6930485, -8.803313, -2.6357365, 
2896106639777, 3, -1.01165, -8.582927, -2.8273766, 
2896126933944, 3, -0.9613445, -8.585322, -3.093277, 
2896146526236, 3, -0.594833, -8.891947, -3.3495955, 
2896166759413, 3, -0.393611, -8.939857, -3.0525534, 
2896186351705, 3, -0.173225, -9.804632, -2.906428, 
2896206615350, 3, -0.05345, -10.530469, -3.284917, 
2896564830663, 3, -1.1481935, -7.9768653, -1.0882435, 
2896585002798, 3, -0.4391255, -7.4690194, -0.817552, 
2896605174934, 3, 0.622081, -8.3409815, -1.152922, 
2896625347017, 3, 0.09028, -7.35164, 0.327497, 
2896645030871, 3, -0.6163925, -5.095079, 2.090585, 
2896664684205, 3, -0.666698, -3.935657, 2.8164215, 
2896684490090, 3, -0.920621, -2.924756, 3.618914, 
2896704082382, 3, -1.0236275, -3.523631, 4.3687053, 
2896724346080, 3, -0.690653, -3.935657, 5.008304, 
2896743986080, 3, -0.5684825, -4.04585, 5.434703, 
2896764219205, 3, -0.446312, -4.9489536, 5.2406673, 
2896783811496, 3, -0.1181285, -6.3191795, 5.4993815, 
2896804105663, 3, 0.4999105, -7.131254, 5.9928546, 
2896823697955, 3, 0.852049, -7.4306917, 5.5952015, 
2896844114257, 3, 0.976615, -8.403264, 4.4357796, 
2896863706496, 3, 0.943078, -9.737558, 3.9375155, 
2896883787069, 3, 1.0939945, -10.535259, 3.7650394, 
2896903379361, 3, 1.6737055, -11.234745, 2.83319, 
2896923612538, 3, 2.2534165, -12.851708, 2.3181574, 
2896943204830, 3, 3.0008125, -15.709539, 0.979073, 
2896963468475, 3, 3.0918415, -12.815776, 1.5468065, 
2896983060767, 3, 2.318095, -10.853861, 2.30618, 
2897003110819, 3, 2.3252814, -11.812061, 2.2031734, 
2897023130350, 3, 1.704847, -11.352125, 2.5433345, 
2897281705767, 3, -0.077405, -7.538489, 4.639397, 
2897302518788, 3, -0.283418, -7.92656, 5.817983, 
2897322355194, 3, 0.051952, -8.151737, 4.284863, 
2897341764361, 3, 0.056743, -7.940933, 2.8834956, 
2897361722850, 3, -0.0366815, -8.338586, 2.828399, 
2897381315142, 3, -0.7074215, -8.590114, 4.548368, 
2897401548319, 3, -0.4822445, -7.768457, 4.46213, 
2897421140611, 3, 0.2891065, -7.8091807, 3.293126, 
2897441434777, 3, -0.34091, -7.3540354, 5.746118, 
2897461027069, 3, -1.275155, -7.2198877, 9.178869, 
2897481260246, 3, -0.681071, -6.9947104, 8.067357, 
2897500852538, 3, -0.5924375, -7.845113, 6.565379, 
2897521146705, 3, -0.705026, -8.676352, 6.598916, 
2897540738996, 3, -0.709817, -8.69312, 7.1570673, 
2897560972121, 3, -0.403193, -8.872783, 7.2624693, 
2897580564413, 3, 0.1118395, -8.817686, 6.919913, 
2897600522902, 3, 0.305875, -8.053521, 7.0660386, 
2897620481444, 3, 0.401695, -8.726657, 7.902068, 
2897640073684, 3, 1.00057, -10.233426, 6.584543, 
2897660459465, 3, 0.583753, -9.967526, 7.159463, 
2897680051757, 3, 0.0495565, -6.4868646, 7.499624, 
2897700284882, 3, -0.110942, -6.082025, 6.709109, 
2897719877173, 3, 0.1741225, -7.773248, 5.621552, 
2897740171340, 3, 0.1357945, -9.17222, 6.5150733, 
2897759637173, 3, -0.115733, -8.81529, 8.362004, 
2897779870350, 3, -0.4055885, -8.048731, 8.579994, 
2897799462642, 3, -0.1325015, -6.2856426, 7.1618586, 
2897819604205, 3, 0.5861485, -6.4964466, 5.6287384, 
2897839715298, 3, 0.598126, -4.357265, 5.4179344, 
2897859612798, 3, -1.1194475, -4.5656734, 4.002194, 
2897879205038, 3, -3.2274876, -3.7895315, 3.3578045, 
2897899407694, 3, -3.6203494, -5.6771855, 2.219942, 
2897918999986, 3, -2.7148504, -4.783664, 1.170713, 
2897938958475, 3, -2.7962976, -1.770125, -2.029675, 
2897958886444, 3, -3.1652045, -11.069456, -5.7642593, 
2897978478736, 3, -3.8167806, -18.016405, -4.0251265, 
2897998864465, 3, -5.5175853, -9.320741, 1.0437515, 
2898018456757, 3, -6.851879, -3.820673, 3.8512776, 
2898038689934, 3, -7.3094196, -5.6963496, 3.446438, 
2898058282225, 3, -6.7105446, -3.825464, 2.7206016, 
2898078576392, 3, -5.3738556, -4.7812686, 2.042675, 
2898098168684, 3, -3.627536, -11.680308, 0.5359055, 
2898118462850, 3, -1.7518595, -12.353444, 0.3490565, 
2898138055142, 3, -1.5458465, -9.840565, 2.4475145, 
2898158257798, 3, -2.535188, -11.361707, 3.6740105, 
2898536034882, 3, -8.797025, -7.308521, 4.7951045, 
2898556451132, 3, -8.928778, -6.503633, 4.9292526, 
2898576043423, 3, -9.755225, -7.2725887, 5.784446, 
2898596307121, 3, -11.379374, -8.362541, 7.4157815, 
2898615899413, 3, -11.537477, -8.937461, 7.0516653, 
2898636163059, 3, -10.627187, -6.1514945, 6.867212, 
2898655755350, 3, -9.695337, -4.2542586, 7.2001867, 
2898675988527, 3, -8.82098, -5.1022654, 7.154672, 
2898695580767, 3, -8.761092, -5.43524, 7.3534985, 
2898715844465, 3, -8.751511, -4.9058347, 7.52837, 
2898735436757, 3, -9.017411, -5.2076674, 7.715219, 
2898755700402, 3, -8.631736, -4.903439, 7.4972286, 
2898775695975, 3, -7.8172655, -4.42913, 7.1953955, 
2898795654465, 3, -7.0602875, -4.4123616, 7.020524, 
2898815582486, 3, -6.794387, -5.071124, 6.5869384, 
2898835174725, 3, -6.990818, -5.492732, 6.2467775, 
2898855560507, 3, -7.254323, -5.756237, 6.081488, 
2898875152798, 3, -7.3669114, -5.938295, 5.7245584, 
2898895385923, 3, -7.1034064, -5.832893, 5.1879663, 
2898914978215, 3, -6.923744, -5.650835, 4.854992, 
2898935272382, 3, -7.0459146, -5.976623, 5.0011177, 
2898954864673, 3, -7.283069, -6.235337, 5.319719, 
2898975128371, 3, -7.5106416, -5.6532307, 5.6910214, 
2898994720663, 3, -7.4483585, -5.3561883, 5.635925, 
2899015014830, 3, -7.441172, -5.267555, 5.7437224, 
2899034607121, 3, -7.5058503, -5.119034, 5.937758, 
2899054809777, 3, -7.656767, -5.056751, 6.167726, 
2899074402017, 3, -7.776542, -4.7333584, 6.4911184, 
2899094330038, 3, -7.776542, -4.491413, 6.5581927, 
2899114258007, 3, -7.8603845, -4.462667, 6.560588, 
2899133850298, 3, -8.162217, -4.6423297, 6.833675, 
2899154144465, 3, -8.353857, -5.0351915, 7.015733, 
2899173736757, 3, -8.583825, -5.2124586, 7.3151703, 
2899194091965, 3, -8.69881, -5.3322334, 7.643354, 
2899213684257, 3, -8.691623, -5.6771855, 7.91165, 
2899233978475, 3, -9.003038, -5.861639, 8.551249, 
2899253570767, 3, -9.022202, -6.197009, 8.36919, 
2899273803892, 3, -8.785048, -6.2616873, 8.096104, 
2899293396184, 3, -8.440096, -6.283247, 8.1104765, 
2899313690350, 3, -8.373021, -6.5060287, 8.270975, 
2899333282642, 3, -8.79942, -6.359903, 8.22067, 
2899353210611, 3, -9.216237, -6.115562, 8.072148, 
2899373138632, 3, -9.089276, -6.331157, 8.242229, 
2899392730923, 3, -8.758697, -6.4389544, 8.690187, 
2899412994569, 3, -8.270015, -6.6162214, 8.781217, 
2899432586861, 3, -8.183777, -7.045016, 8.213483, 
2899452850507, 3, -7.728632, -7.0809484, 7.3343344, 
2899472442798, 3, -7.4052396, -7.5600486, 6.723482, 
2899492828580, 3, -6.9788404, -8.487107, 6.61808, 
2899512420819, 3, -6.6626344, -8.432011, 6.9702187, 
2899532653996, 3, -6.1404157, -8.867991, 6.37853, 
2899552246288, 3, -5.5942416, -9.31595, 5.1831756, 
2899572509934, 3, -5.4026017, -9.217734, 4.490876, 
2899592102225, 3, -5.208566, -9.38542, 3.7937856, 
2899612335402, 3, -4.3150444, -9.277622, 3.1470006, 
2899631927694, 3, -3.7065876, -8.5973, 2.5433345, 
2899651886184, 3, -3.3137255, -7.9097915, 2.2798295, 
2899671814152, 3, -3.3999636, -6.714437, 2.823608, 
2899691406444, 3, -3.038243, -6.5491476, 1.5372245, 
2899711670090, 3, -1.6416665, -7.7804346, 0.3873845, 
2899731262382, 3, -2.0920205, -7.083344, 0.265214, 
2899751495559, 3, -2.717246, -5.061542, 1.2306005, 
2899771469413, 3, -2.2501235, -2.790608, 2.0786076, 
2899791794100, 3, -1.4787725, -2.666042, 1.716887, 
2899811386392, 3, -0.8846885, -6.383858, 2.143286, 
2899831741600, 3, -0.920621, -9.133892, 3.0128524, 
2899851333892, 3, -0.8415695, -9.732767, 3.350618, 
2899871597590, 3, -0.398402, -8.846432, 3.331454, 
2899891189830, 3, 0.540634, -7.969679, 2.6295724, 
2899911423007, 3, 2.059381, -10.334038, 2.2846205, 
2899931015298, 3, 2.4498475, -10.734086, 3.3625956, 
2899950943267, 3, 1.1898144, -9.483635, 4.8046865, 
2899970871236, 3, 0.099862, -8.69312, 5.726954, 
2899990463527, 3, -0.2906045, -8.628442, 5.918594, 
2900010727225, 3, -0.5205725, -8.031962, 6.033578, 
2900030319517, 3, -0.949367, -7.193537, 6.584543, 
2900050552642, 3, -1.687181, -5.4807544, 7.638563, 
2900070144934, 3, -2.3651075, -3.71048, 8.855477, 
2900090378111, 3, -2.83223, -3.3295956, 9.027953, 
2900109970350, 3, -2.6286125, -2.790608, 8.465011, 
2900130295090, 3, -2.5998664, -1.703051, 8.524898, 
2900149887382, 3, -2.9448185, -1.0682435, 8.721329, 
2900170273111, 3, -3.0693846, -0.5891435, 8.642278, 
2900189865402, 3, -2.6885, -0.270542, 8.742888, 
2900210098527, 3, -2.54477, -0.8382755, 8.951297, 
2900229690819, 3, -2.8106706, -0.668195, 9.648388, 
2900249649309, 3, -3.335285, -0.2298185, 10.204144, 
2900269577330, 3, -3.50297, -0.174722, 9.998131, 
2900289169569, 3, -2.9496095, 0.093574, 9.006393, 
2900309402746, 3, -2.6046574, 0.4217575, 8.338049, 
2900328995038, 3, -2.5711205, 0.5894425, 8.55604, 
2900349258684, 3, -2.583098, 0.4265485, 8.9728565, 
2900368850975, 3, -2.3890624, 0.194185, 8.910574, 
2900389145194, 3, -2.262101, 0.716404, 8.476988, 
2900408737486, 3, -2.0728564, 1.0110505, 7.787084, 
2900429092694, 3, -1.759046, 1.0589606, 7.135508, 
2900448684986, 3, -1.323065, 1.439845, 6.848048, 
2900468979152, 3, -1.026023, 1.7201185, 6.709109, 
2900488571444, 3, -0.7840775, 1.89499, 6.6204753, 
2900508774100, 3, -0.815219, 2.1800544, 6.637244, 
2900528366392, 3, -0.843965, 2.436373, 6.848048, 
2900548324882, 3, -0.7888685, 2.378881, 6.8648167, 
2900568252850, 3, -0.6499295, 2.163286, 6.8360705, 
2900587845142, 3, -0.6930485, 2.206405, 7.231328, 
2900608108788, 3, -0.681071, 2.4243956, 7.6984506, 
2900627701080, 3, -0.4391255, 2.292643, 8.129641, 
2900647964777, 3, -0.1516655, 2.177659, 8.510525, 
2900667557017, 3, 0.1645405, 2.369299, 8.908178, 
2900687820715, 3, 0.339412, 2.556148, 9.535799, 
2900707413007, 3, 0.5717755, 2.714251, 10.21133, 
2900727615611, 3, 0.780184, 2.6256175, 10.652102, 
2900747207902, 3, 0.832885, 2.03872, 11.255768, 
2900767502121, 3, 0.531052, 0.687658, 12.101379, 
2900787001965, 3, 0.8352805, 0.1103425, 12.630785, 
2900807418215, 3, 1.244911, 0.112738, 12.582875, 
2900827010507, 3, 1.52758, 0.3259375, 12.22355, 
2900846938475, 3, 1.297612, 0.1726255, 11.979209, 
2900866866444, 3, 1.5060205, -0.1339985, 11.514482, 
2900886458736, 3, 2.1480145, -0.5268605, 10.841347, 
2900906722382, 3, 2.318095, -0.3352205, 10.829369, 
2900926314673, 3, 1.7024515, -0.2585645, 11.255768, 
2900946517330, 3, 0.899959, -0.5651885, 11.088083, 
2900966109621, 3, 0.4088815, -0.40469, 10.225703, 
2900986403788, 3, 0.32983, 0.0576415, 9.092631, 
2901005996080, 3, 0.334621, 0.5175775, 8.172759, 
2901026259777, 3, 0.3657625, 0.5463235, 7.7463603, 
2901045852069, 3, 0.320248, 0.328333, 7.8373895, 
2901066115715, 3, 0.171727, 0.606211, 7.906859, 
2901085708007, 3, 0.3178525, 0.759523, 7.394222, 
2901105941132, 3, 0.5813575, 0.8289925, 6.963032, 
2901125533423, 3, 0.4951195, 1.0493785, 7.14509, 
2901145827642, 3, 0.2699425, 1.0350055, 7.748756, 
2901165419934, 3, 0.353785, 1.027819, 8.167969, 
2901185653059, 3, 0.5286565, 1.185922, 8.326072, 
2901205245350, 3, 0.449605, 1.717723, 8.721329, 
2901225539569, 3, 0.3513895, 2.37409, 9.4998665, 
2901245131809, 3, 0.1932865, 2.4675145, 10.335896, 
2901265334465, 3, 0.1549585, 2.608849, 10.759899, 
2901284926757, 3, 0.013624, 2.6831095, 10.941957, 
2901305251444, 3, -0.499013, 2.474701, 11.356379, 
2901324843736, 3, -0.8559425, 2.32618, 11.950463, 
2901345046392, 3, -1.1721485, 2.422, 12.467891, 
2901364638684, 3, -1.4931455, 2.5250065, 12.417585, 
2901384963371, 3, -1.452422, 2.474701, 11.86662, 
2901404555663, 3, -1.888403, 2.091421, 11.284514, 
2901424483632, 3, -1.8907984, 1.6865815, 10.803019, 
2901444381080, 3, -1.7566504, 1.2793465, 10.278404, 
2901463973371, 3, -1.5218915, 1.554829, 10.043645, 
2901484450663, 3, -1.715927, 1.5620155, 10.264031, 
2901504042955, 3, -1.9818275, 1.2074815, 10.335896, 
2901524215090, 3, -1.9147536, 0.898462, 9.818468, 
2901543807382, 3, -1.77821, 1.1404074, 8.999207, 
2901564071027, 3, -1.4308625, 1.3368385, 8.316489, 
2901583663319, 3, -0.7984505, 1.1883175, 7.8517623, 
2901603896496, 3, -0.3912155, 1.4374495, 7.6026306, 
2901623488788, 3, -0.269045, 1.780006, 7.5403476, 
2901643721913, 3, -0.1612475, 2.0315335, 7.4397364, 
2901663314205, 3, -0.0606365, 2.206405, 7.2576785, 
2901683608371, 3, -0.1229195, 2.354926, 7.226537, 
2901703200663, 3, -0.431939, 2.455537, 7.4828553, 
2901723250715, 3, -0.728981, 2.359717, 7.854158, 
2901743300767, 3, -0.7553315, 2.4196045, 8.172759, 
2901762893059, 3, -0.906248, 2.685505, 8.577599, 
2901782912590, 3, -0.9852995, 3.150232, 9.047117, 
2901802247017, 3, -1.05956, 3.5071616, 9.643597, 
2901822510663, 3, -1.3206695, 3.47602, 10.268822, 
2901842102955, 3, -1.5314735, 3.212515, 10.604192, 
2901862488736, 3, -1.663226, 3.0951355, 10.779063, 
2901882080975, 3, -1.600943, 3.2580295, 10.743131, 
2901902314152, 3, -1.145798, 3.581422, 10.400575, 
2901921906444, 3, -0.618788, 3.8042035, 10.132278, 
2901942170090, 3, -0.355283, 3.7323384, 10.513163, 
2901961762382, 3, -0.048659, 3.2292836, 10.989867, 
2901982056600, 3, 0.4711645, 2.752579, 10.989867, 
2902001648892, 3, 0.5430295, 2.575312, 10.6257515, 
2902021576861, 3, 0.8879815, 2.225569, 10.299964, 
2902041504830, 3, 1.2329335, 1.5236875, 9.806491, 
2902061097121, 3, 1.38385, 1.7776105, 9.475911, 
2902081360767, 3, 1.1227405, 2.1513085, 9.449561, 
2902100953059, 3, 0.9358915, 2.0171604, 9.317808, 
2902121186236, 3, 0.9167275, 1.4039125, 8.867455, 
2902140778527, 3, 0.923914, 1.118848, 8.493756, 
2902161072694, 3, 0.7346695, 1.085311, 8.357213, 
2902180664986, 3, 0.6388495, 1.1260345, 8.328467, 
2902201050715, 3, 0.6244765, 1.157176, 8.280557, 
2902220643007, 3, 0.7634155, 1.276951, 8.184737, 
2902240937173, 3, 0.823303, 1.516501, 8.230251, 
2902260529465, 3, 0.689155, 1.7440735, 8.34284, 
2902280762642, 3, 0.784975, 1.756051, 8.405123, 
2902300354934, 3, 0.9742195, 1.674604, 8.474592, 
2902320618580, 3, 0.919123, 2.0794435, 8.587181, 
2902340210871, 3, 0.9311005, 2.5106335, 8.680606, 
2902360138840, 3, 1.1850235, 2.6256175, 8.738097, 
2902380066861, 3, 1.254493, 2.8651676, 9.032744, 
2902399659100, 3, 1.0317115, 3.394573, 9.600477, 
2902419861757, 3, 0.9119365, 3.691615, 10.01969, 
2902439454048, 3, 1.043689, 3.61975, 10.144256, 
2902459748215, 3, 0.9598465, 3.6652646, 10.098742, 
2902479340507, 3, 0.967033, 3.993448, 9.916683, 
2902499604205, 3, 1.225747, 4.0150075, 9.746603, 
2902519196496, 3, 1.230538, 3.81139, 9.94543, 
2902539612746, 3, 0.9406825, 3.447274, 10.405366, 
2902559205038, 3, 0.3322255, 3.145441, 10.73834, 
2902579438163, 3, -0.369656, 3.3442676, 10.76469, 
2902599030455, 3, -0.695444, 3.686824, 10.376619, 
2902619294152, 3, -0.470267, 3.825763, 9.919079, 
2902638886392, 3, -0.154061, 3.840136, 9.878355, 
2902658814413, 3, -0.527759, 3.691615, 10.23768, 
2902678742382, 3, -0.6547205, 3.0568075, 10.000526, 
2902698334673, 3, -0.221135, 2.2471285, 9.142937, 
2902718750923, 3, 0.085489, 2.51782, 8.553644, 
2902738343215, 3, -0.0893825, 3.504766, 8.721329, 
2902758454309, 3, -0.714608, 3.471229, 9.281876, 
2902778046548, 3, -0.901457, 2.455537, 9.353741, 
2902798310246, 3, -0.7840775, 1.832707, 8.905783, 
2902818291080, 3, -0.7936595, 2.0746524, 8.666232, 
2902838524205, 3, -0.666698, 2.0698614, 8.539271, 
2902858116496, 3, -0.4343345, 2.37409, 8.074544, 
2902878502277, 3, -0.312164, 2.7501836, 7.6553316, 
2902898094517, 3, -0.178016, 2.7837205, 7.3870354, 
2902918022538, 3, 0.018415, 2.8364215, 7.3822446, 
2902937950507, 3, 0.4711645, 2.8124664, 7.5882573, 
2902957542798, 3, 0.454396, 2.9945245, 7.715219, 
2902977836965, 3, 0.0303925, 3.2771935, 7.8996725, 
2902997429257, 3, -0.4343345, 3.2532384, 8.10329, 
2903017692902, 3, -0.5541095, 3.097531, 8.139222, 
2903037285194, 3, -0.307373, 3.0041065, 8.146409, 
2903057518371, 3, -0.1516655, 3.3059394, 8.544062, 
2903077110663, 3, -0.1564565, 3.648496, 9.166892, 
2903097404830, 3, -0.120524, 3.758689, 9.559754, 
2903116997121, 3, -0.0702185, 3.8137856, 9.61485, 
2903137230298, 3, 0.1310035, 3.9383514, 9.662761, 
2903156822590, 3, 0.2747335, 4.060522, 9.931057, 
2903177055715, 3, 0.3801355, 3.8808596, 10.268822, 
2903196648007, 3, 0.737065, 3.399364, 10.5467, 
2903216698059, 3, 0.794557, 3.2532384, 10.95633, 
2903236717590, 3, 1.014943, 3.169396, 11.124016, 
2903256309882, 3, 1.403014, 2.690296, 11.059337, 
2903276543007, 3, 1.3718725, 2.2040095, 10.99945, 
2903296135298, 3, 1.4485285, 1.727305, 10.874884, 
2903316398996, 3, 1.743175, 1.396726, 10.386202, 
2903335991288, 3, 1.891696, 1.823125, 10.110719, 
2903356254934, 3, 1.7024515, 1.842289, 10.331105, 
2903375847225, 3, 1.2664706, 1.1404074, 10.462857, 
2903396080402, 3, 0.780184, 0.7331725, 9.966989, 
2903415672642, 3, 0.531052, 0.960745, 9.15731, 
2903435936340, 3, 0.4999105, 1.075729, 8.601554, 
2903455528632, 3, 0.358576, 0.8912755, 8.484175, 
2903475548163, 3, 0.214846, 0.88888, 8.500943, 
2903495567694, 3, 0.372949, 1.1499895, 8.304512, 
2903515159986, 3, 0.531052, 1.487755, 7.9188366, 
2903535576236, 3, 0.6053125, 1.952482, 7.585862, 
2903555168527, 3, 0.7202965, 2.3429484, 7.485251, 
2903575371132, 3, 1.029316, 2.105794, 7.6217947, 
2903594963423, 3, 1.1323225, 1.760842, 8.024239, 
2903615288163, 3, 1.077226, 1.9357135, 8.505734, 
2903634880402, 3, 1.1419045, 2.335762, 8.74768, 
2903655113580, 3, 1.4245735, 2.733415, 8.750075, 
2903674705871, 3, 1.4485285, 3.0232706, 8.924947, 
2903694969517, 3, 1.3287535, 3.068785, 9.5525675, 
2903714561809, 3, 1.235329, 2.8555856, 10.216121, 
2903734764465, 3, 1.244911, 2.819653, 10.680848, 
2903754356757, 3, 1.0365025, 2.532193, 10.901234, 
2903774315246, 3, 0.813721, 2.1465175, 11.078501, 
2903794243215, 3, 0.4567915, 2.551357, 11.325237, 
2903813707225, 3, -0.230717, 3.226888, 11.5049, 
2903834123475, 3, -0.34091, 3.0088975, 11.365961, 
2903853715767, 3, -0.1899935, 2.493865, 11.167134, 
2903873948944, 3, -0.6690935, 2.56573, 10.941957, 
2903893541184, 3, -0.8559425, 2.3621125, 10.443693, 
2903913774361, 3, -0.8559425, 1.617112, 9.892729, 
2903933366652, 3, -0.8511515, 1.5380605, 9.689111, 
2903953630298, 3, -0.9469715, 1.6386715, 9.866378, 
2903973222590, 3, -1.3542064, 1.2745554, 10.271217, 
2903993516809, 3, -1.749464, 0.970327, 10.283195, 
2904013109100, 3, -1.8045605, 1.037401, 9.725043, 
2904033342225, 3, -1.701554, 1.5524335, 9.1836605, 
2904052934517, 3, -1.505123, 1.6961635, 8.702165, 
2904072862486, 3, -1.088306, 1.6817905, 8.03382, 
2904092790455, 3, -0.700235, 1.89499, 7.4780645, 
2904112382746, 3, -0.4678715, 2.2567105, 7.2049775, 
2904132646444, 3, -0.3145595, 2.5824986, 7.0277104, 
2904152238736, 3, -0.302582, 2.733415, 6.9702187, 
2904172502382, 3, -0.2714405, 2.2375464, 7.14509, 
2904192094673, 3, -0.264254, 1.9979964, 7.4493184, 
2904212510923, 3, -0.499013, 2.340553, 7.7319875, 
2904232103215, 3, -0.6738845, 2.330971, 7.954769, 
2904252336392, 3, -0.398402, 2.1513085, 8.261393, 
2904271928684, 3, -0.225926, 2.536984, 8.58239, 
2904292161809, 3, -0.182807, 2.747788, 9.011185, 
2904311754100, 3, 0.004042, 2.441164, 9.679529, 
2904332048267, 3, 0.190891, 2.077048, 10.369433, 
2904351640559, 3, 0.372949, 2.0123694, 10.853324, 
2904371568527, 3, 0.4136725, 2.2375464, 11.102456, 
2904391496548, 3, 0.5957305, 2.1129806, 11.124016, 
2904411088840, 3, 0.7107145, 1.9548775, 11.406685, 
2904431321965, 3, 0.4807465, 2.033929, 12.22355, 
2904450914257, 3, 0.5238655, 2.024347, 12.494242, 
2904471177902, 3, 1.2568885, 1.6674175, 12.017537, 
2904490770194, 3, 1.105972, 1.2314365, 11.806733, 
2904511033892, 3, 0.7921615, 0.8577385, 12.070238, 
2904530626184, 3, 0.6652, 0.198976, 11.797151, 
2904551011913, 3, 0.990988, 0.36187, 10.747922, 
2904570604205, 3, 1.3479176, 0.539137, 9.95022, 
2904590867850, 3, 1.498834, 0.2971915, 9.940639, 
2904610460142, 3, 1.3000075, 0.242095, 10.187375, 
2904630693319, 3, 1.0412935, -0.227423, 9.94543, 
2904650285611, 3, 0.899959, -0.4933235, 9.384883, 
2904670244100, 3, 1.029316, -0.3208475, 8.654255, 
2904690202590, 3, 1.2041875, 0.141484, 8.127245, 
2904709794882, 3, 1.33594, 0.342706, 7.9475827, 
2904729997486, 3, 1.331149, 0.357079, 7.9907017, 
2904749589777, 3, 1.297612, 0.3546835, 7.91165, 
2904769853475, 3, 1.4054095, 0.4552945, 7.6984506, 
2904789445767, 3, 1.4581105, 1.0541695, 7.6744957, 
2904809709413, 3, 1.609027, 1.358398, 7.715219, 
2904829573267, 3, 1.704847, 1.17634, 7.945187, 
2904849806444, 3, 1.771921, 1.1404074, 8.376377, 
2904869398684, 3, 1.786294, 1.530874, 8.733307, 
2904889814986, 3, 1.738384, 1.7919835, 8.915364, 
2904909407277, 3, 1.7455705, 1.8015655, 8.987229, 
2904929670923, 3, 1.71922, 1.7919835, 9.1094, 
2904949263215, 3, 1.585072, 1.7967745, 9.521426, 
2904969496340, 3, 1.470088, 1.8063565, 9.763371, 
2904989088632, 3, 1.3000075, 1.5188965, 9.598082, 
2905009291288, 3, 1.3287535, 1.2314365, 9.698693, 
2905028883580, 3, 1.2808435, 1.420681, 10.422134, 
2905048811548, 3, 1.0508755, 1.7153275, 11.018614, 
2905068739517, 3, 0.5334475, 1.8446845, 11.224627, 
2905088331809, 3, 0.3130615, 1.51171, 11.411475, 
2905108595507, 3, 0.2555695, 1.12843, 11.732472, 
2905128187746, 3, -0.1708295, 1.0829155, 11.864225, 
2905148481965, 3, -0.7601225, 0.9296035, 11.500109, 
2905168074257, 3, -0.8319875, 0.2109535, 10.795832, 
2905188276861, 3, -1.0188365, 0.151066, 10.084369, 
2905207869152, 3, -1.3973255, 1.0014685, 9.507053, 
2905228163371, 3, -1.7183225, 1.334443, 8.903387, 
2905247755663, 3, -1.9243355, 1.4374495, 8.021843, 
2905268171913, 3, -2.2213776, 0.74515, 6.637244, 
2905287764205, 3, -2.372294, -0.0956705, 5.56406, 
2905307692173, 3, -2.607053, -0.323243, 5.3508606, 
2905327589621, 3, -2.477696, 0.0145225, 5.1783843, 
2905347181913, 3, -2.3124065, 0.692449, 4.7040753, 
2905367445559, 3, -2.242937, 0.8529475, 4.117178, 
2905387037850, 3, -2.123162, 0.390616, 3.729107, 
2905407301548, 3, -1.9866185, -0.1675355, 3.590168, 
2905426893840, 3, -1.960268, -0.2681465, 3.6308916, 
2905447157486, 3, -2.2788694, 0.1055515, 3.9087696, 
2905466749777, 3, -2.8873265, 0.1582525, 4.3064227, 
2905487013475, 3, -3.4766195, -0.69215, 4.519622, 
2905506605715, 3, -4.135382, -1.3700765, 4.70168, 
2905526930455, 3, -5.222939, -1.0969895, 5.271809, 
2905546522746, 3, -7.067474, -1.6767005, 5.9928546, 
2905566542277, 3, -8.993456, -4.539323, 6.4863276, 
2905586561809, 3, -9.688151, -6.077234, 6.5725656, 
2905606154100, 3, -10.57209, -5.502314, 6.230009, 
2905626295663, 3, -11.987831, -4.8962526, 5.61197, 
2905645887955, 3, -13.695823, -4.4411073, 5.477822, 
2905666121132, 3, -15.705647, -5.7059317, 5.3556514, 
2905685713423, 3, -16.884233, -7.1623955, 5.2789955, 
2905705977069, 3, -18.077192, -7.126463, 5.4418893, 
2905725569361, 3, -18.95634, -6.8030705, 5.583224, 
2905745833059, 3, -18.896454, -6.7168326, 5.8347516, 
2905765425298, 3, -17.40166, -6.9899197, 5.976086, 
2905785688996, 3, -14.527061, -7.284566, 5.4370985, 
2908055294517, 3, 4.4524856, -1.875527, 0.4065485, 
2908076076965, 3, 4.0212955, -3.140351, -0.036619, 
2908095699777, 3, 3.8536105, -4.9202075, -0.5133235, 
2908115292069, 3, 4.550701, -7.893023, -1.076266, 
2908134884361, 3, 5.9329047, -13.349972, -1.895527, 
2908155239569, 3, 4.876489, -20.577196, -2.7842574, 
2908174831861, 3, 0.3274345, -25.36101, -2.6644826, 
2908194851392, 3, -3.4957836, -26.326395, -2.254852, 
2908214870923, 3, -4.528244, -24.81723, -1.1409445, 
2908234463215, 3, -4.973807, -19.772308, 0.365825, 
2908254665871, 3, -5.0480676, -14.293799, 0.4975775, 
2908274258111, 3, -3.9126005, -10.525678, -0.3791755, 
2908294491288, 3, -2.7867155, -8.408055, -0.673822, 
2908314083580, 3, -2.5854936, -6.7982793, -0.381571, 
2908334408267, 3, -2.5998664, -5.1549664, -0.036619, 
2908354000559, 3, -2.348339, -3.8470235, 0.0280595, 
2908374172694, 3, -2.06567, -2.661251, -0.1012975, 
2908393764986, 3, -1.979432, -1.511411, 0.020873, 
2908414089673, 3, -2.032133, -0.8095295, 0.19814, 
2908433681965, 3, -2.516024, -1.4275686, 0.332288, 
2908453854100, 3, -3.5245295, -2.757071, 0.34187, 
2908473446340, 3, -4.183292, -4.405175, 0.5119505, 
2908493710038, 3, -4.643228, -6.9659643, 1.0197965, 
2908513302330, 3, -4.8037267, -10.904166, 1.328816, 
2908533321861, 3, -4.6791606, -16.274878, 2.023511, 
2908553341392, 3, -5.2397075, -21.334173, 3.5350716, 
2908572933684, 3, -5.0049486, -21.997726, 3.9950075, 
2908593349934, 3, -2.8154614, -20.201101, 3.293126, 
2908991579257, 3, 1.86295, -26.767168, 3.039203, 
2909012056548, 3, 2.0953135, -22.06001, 4.1195736, 
2909032076080, 3, 2.8043816, -18.677565, 4.5747185, 
2909051729413, 3, 1.3000075, -15.319073, 4.524413, 
2909071321705, 3, -0.5972285, -13.709297, 5.1448474, 
2909091524361, 3, -1.979432, -11.311401, 6.1653304, 
2909111116600, 3, -2.54477, -7.605563, 6.344993, 
2909131380298, 3, -2.1303484, -5.0926833, 5.262227, 
2909150972590, 3, -2.171072, -3.336782, 4.050104, 
2909171175194, 3, -2.6908956, -1.894691, 3.403319, 
2909190767486, 3, -2.5423746, -2.1414275, 3.206888, 
2909210756496, 3, -2.4321816, -3.7080846, 3.0559714, 
2909230714986, 3, -2.444159, -2.9750614, 3.3602, 
2909250307277, 3, -2.458532, -1.425173, 4.112387, 
2909270632017, 3, -2.348339, -1.913855, 4.8238506, 
2909290224309, 3, -1.706345, -2.8361225, 6.0455556, 
2909310487955, 3, -0.345701, -3.432602, 8.397937, 
2909330080246, 3, 0.751438, -4.366847, 11.667794, 
2909350374413, 3, 1.230538, -5.1837125, 14.410642, 
2909369966705, 3, 1.311985, -5.6532307, 14.355545, 
2909390199882, 3, 2.4785936, -5.372957, 12.820029, 
2909409792173, 3, 3.003208, -4.2590494, 12.470286, 
2909430055819, 3, 2.979253, -3.379901, 12.297811, 
2909449648111, 3, 3.0535135, -3.5978916, 11.852247, 
2909469911809, 3, 2.9241564, -3.2625215, 11.028195, 
2909489504048, 3, 2.7325165, -2.2037106, 9.78014, 
2909509767746, 3, 2.6271145, -1.818035, 8.330862, 
2909529360038, 3, 2.236648, -1.406009, 7.269656, 
2909549440611, 3, 1.6593325, -0.534047, 6.6588035, 
2909569521184, 3, 1.302403, -0.026201, 5.698208, 
2909589113423, 3, 1.120345, 0.045664, 4.744799, 
2909609163475, 3, 1.062853, -0.4693685, 4.3184, 
2909628755767, 3, 1.0125475, -0.850253, 4.3112135, 
2909648988944, 3, 1.0556664, -0.6083075, 4.5172267, 
2909668581236, 3, 1.7647345, -0.6130985, 4.5363903, 
2909688844882, 3, 2.830732, -1.449128, 4.840619, 
2909708437173, 3, 4.478836, -2.1749644, 5.813192, 
2909728700871, 3, 6.5126157, -3.4302065, 8.194319, 
2909748293111, 3, 6.3257666, -4.6758666, 11.622279, 
2909768556809, 3, 4.9220033, -5.789774, 13.071557, 
2909788149100, 3, 5.259769, -7.3204985, 13.289548, 
2909808412746, 3, 4.406971, -8.276303, 13.998615, 
2909828005038, 3, 3.2164075, -7.4306917, 14.020175, 
2909848299257, 3, 2.423497, -6.738392, 13.239242, 
2909867891548, 3, 1.944397, -6.220964, 12.546943, 
2909887819517, 3, 1.460506, -5.693954, 11.392311, 
2909907716965, 3, 1.105972, -4.5704646, 9.6052685, 
2909927420975, 3, 0.7298785, -3.2433574, 7.7032413, 
2909947806705, 3, 0.5478205, -2.5007524, 5.966504, 
2909967398996, 3, 0.4615825, -2.3330674, 4.7471943, 
2909987662642, 3, 0.099862, -1.995302, 4.304027, 
2910007254934, 3, -0.384029, -1.9258325, 4.203416, 
2910027518632, 3, -0.3672605, -2.0408165, 3.820136, 
2910047110923, 3, -0.302582, -2.0168614, 3.8369045, 
2910067405090, 3, -0.7265855, -2.1893375, 4.931648, 
2910086997382, 3, -1.3781615, -2.450447, 6.7162957, 
2910107169517, 3, -0.8319875, -2.349836, 7.854158, 
2910126761809, 3, 1.594654, -2.450447, 9.030349, 
2910147055975, 3, 1.2904255, -4.3404965, 12.669113, 
2910166648267, 3, -0.350492, -7.7325244, 16.576174, 
2910186911913, 3, 0.071116, -11.124553, 17.39304, 
2910206504205, 3, 0.3561805, -9.828587, 15.65151, 
2910226401705, 3, -0.5541095, -5.9550633, 14.017779, 
2910246299152, 3, -0.1947845, -5.9838095, 12.604435, 
2910265891444, 3, 0.71311, -6.369485, 11.260559, 
2910286307694, 3, 0.9311005, -4.841156, 10.47723, 
2910305899986, 3, 0.9311005, -3.720062, 9.298644, 
2910326163632, 3, 0.8209075, -2.9463155, 7.590653, 
2910345755923, 3, 0.708319, -1.9258325, 5.80361, 
2910365989100, 3, 0.7298785, -0.8957675, 4.438175, 
2910385581392, 3, 1.105972, -0.11723, 3.5686085, 
2910405845038, 3, 1.422178, 0.433735, 3.0895085, 
2910425437330, 3, 1.364686, 0.2924005, 2.823608, 
2910445731496, 3, 1.489252, -0.443018, 2.603222, 
2910465323788, 3, 2.43787, -1.468292, 2.584058, 
2910485556965, 3, 3.4272115, -1.4754785, 2.9457786, 
2910505149257, 3, 4.5914245, -1.1353174, 2.866727, 
2910525260298, 3, 8.211025, -2.7115564, 3.293126, 
2910545340871, 3, 10.743069, -6.7695336, 6.6731763, 
2910564933163, 3, 9.078196, -15.40052, 10.017295, 
2910585013736, 3, 7.8828416, -21.506649, 11.464176, 
2910604606027, 3, 6.5509434, -19.791471, 11.425849, 
2910624808684, 3, 3.9542215, -16.11917, 11.181507, 
2910644400923, 3, 2.145619, -13.781162, 10.939562, 
2910664725663, 3, 0.85684, -12.025261, 10.304754, 
2910684317955, 3, -0.3385145, -10.681385, 8.865059, 
2910704581600, 3, -0.944576, -9.016513, 7.063643, 
2910724173892, 3, -1.1386116, -6.1994047, 5.7916327, 
2910744437590, 3, -1.4883544, -3.4445796, 4.6226287, 
2910764029830, 3, -1.5745925, -1.846781, 3.3338494, 
2910783957850, 3, -1.519496, -1.3221664, 2.3037846, 
2910803855298, 3, -1.596152, -1.573694, 1.510874, 
2910823447590, 3, -1.773419, -1.401218, 1.2641375, 
2910843680715, 3, -2.1399305, -1.238324, 1.654604, 
2910863273007, 3, -2.755574, -1.4371505, 2.1408906, 
2910883719777, 3, -3.31133, -2.4145145, 2.7876756, 
2910903312069, 3, -3.325703, -3.619451, 3.939911, 
2910923545246, 3, -2.271683, -5.6915584, 5.041841, 
2910943215767, 3, -2.860976, -11.826434, 7.4014087, 
2910963448892, 3, -4.4875207, -21.058691, 9.174079, 
2910983041184, 3, -3.277793, -23.756023, 8.999207, 
2911003304882, 3, -1.524287, -20.548449, 8.012261, 
2911539590246, 3, -3.038243, -5.7969604, 1.1874815, 
2911560922069, 3, -3.1843686, -3.7368305, 0.878462, 
2911580972121, 3, -3.0166836, -2.215688, 0.423317, 
2911600594882, 3, -2.765156, -1.118549, 0.126275, 
2911620187173, 3, -2.7915065, -0.5364425, 0.2532365, 
2911640389830, 3, -3.296957, -0.366362, 0.557465, 
2911659982121, 3, -3.876668, -0.9436775, 0.892835, 
2911680215246, 3, -4.2767167, -2.1941285, 1.1539445, 
2911699807538, 3, -4.432424, -3.61466, 1.472546, 
2911720071236, 3, -4.17371, -5.301092, 2.665505, 
2911739663527, 3, -3.244256, -7.164791, 3.9854255, 
2911759957694, 3, -1.5410554, -9.282413, 3.6596375, 
2911779549986, 3, -0.345701, -15.093896, 2.330135, 
2911799752590, 3, -1.1050745, -22.555878, 2.272643, 
2911819344882, 3, -0.3816335, -26.54199, 2.584058, 
2911839303371, 3, 1.7407795, -24.369272, 3.3625956, 
2911859261913, 3, 2.5312946, -17.55647, 4.5651364, 
2911878854152, 3, 2.1025, -13.349972, 4.60586, 
2911899239934, 3, 2.088127, -12.535502, 3.288335, 
2911918832225, 3, 2.2677896, -11.526997, 2.061839, 
2911939095871, 3, 2.4977574, -9.371046, 1.5947165, 
2911958673215, 3, 2.6414876, -6.690482, 1.4605685, 
2911978906392, 3, 2.787613, -4.4794354, 1.20425, 
2912337060663, 3, -2.7052684, -8.626046, 1.0533335, 
2912357202277, 3, -3.0262654, -5.4232626, 1.3743305, 
2912377343892, 3, -3.038243, -1.827617, 1.1731085, 
2912397149777, 3, -3.1172945, -0.0046415, 0.840134, 
2912416742069, 3, -3.3520534, 0.912835, 0.8042015, 
2912436914205, 3, -3.5149474, 1.459009, 1.050938, 
2912456506444, 3, -3.4526646, 0.9918865, 1.453382, 
2912476098736, 3, -3.555671, -0.2154455, 1.7049094, 
2912495691027, 3, -3.6467, -2.369, 2.373254, 
2912516473527, 3, -2.9208634, -5.5622015, 3.8129494, 
2912536401496, 3, -1.121843, -9.910034, 4.36631, 
2912555993788, 3, -0.728981, -16.500055, 3.614123, 
2912576257434, 3, -1.993805, -24.295012, 3.0128524, 
2912595849725, 3, -1.735091, -25.598164, 3.64766, 
2912616082902, 3, -0.1756205, -21.93784, 4.1291556, 
2912635675142, 3, 0.61729, -17.336084, 4.1195736, 
2912655938840, 3, 1.1514865, -13.237384, 4.1052003, 
2912675531132, 3, 1.532371, -11.970164, 3.158978, 
2912695764257, 3, 1.8940915, -11.505437, 2.2702475, 
2912954018215, 3, 8.747617, -16.476099, -0.5899795, 
2912974190350, 3, 4.426135, -22.318724, 0.907208, 
2912994393007, 3, 1.331149, -20.661037, 2.507402, 
2913014565090, 3, 0.9885925, -17.810392, 4.2058115, 
2913034432069, 3, 0.4184635, -17.297756, 4.41422, 
2913054085350, 3, -0.499013, -15.453221, 4.0141716, 
2913073677642, 3, -1.610525, -13.546403, 3.954284, 
2913093849777, 3, -2.137535, -11.076642, 3.321872, 
2913113442069, 3, -2.103998, -8.659583, 2.392418, 
2913133705715, 3, -1.931522, -6.470096, 1.702514, 
2913153298007, 3, -1.6225024, -4.7046127, 0.955118, 
2913173287017, 3, -1.3973255, -4.903439, 0.744314, 
2913193276027, 3, -1.9147536, -2.3857684, 1.793543, 
2913212868319, 3, -2.2070045, -1.482665, 2.081003, 
2913233070975, 3, -1.7039495, -3.245753, 2.464283, 
2913252663267, 3, -0.642743, -6.3191795, 2.59364, 
2913272896392, 3, -0.5828555, -6.7168326, 3.321872, 
2913292488684, 3, -0.441521, -6.858167, 4.8382235, 
2913312813423, 3, 0.698737, -8.602091, 6.2898965, 
2913332405663, 3, 0.5334475, -11.939022, 7.2385144, 
2913352608319, 3, -0.7553315, -15.309491, 7.892486, 
2913372200611, 3, -1.2871325, -14.05904, 9.363323, 
2913392983059, 3, 0.286711, -12.561852, 8.383563, 
2913412575350, 3, 1.379059, -11.143717, 7.2864246, 
2913432350767, 3, 2.00668, -9.4141655, 7.331939, 
2913451943059, 3, 2.696584, -8.614068, 7.1379037, 
2913471962590, 3, 2.792404, -8.434406, 7.092389, 
2913491982121, 3, 2.1048956, -7.2246785, 7.135508, 
2913511574413, 3, 1.278448, -5.8544526, 8.728516, 
2913531746496, 3, 0.6915505, -8.3314, 6.5054917, 
2913551338788, 3, 1.0604575, -6.925241, 3.197306, 
2913571602486, 3, 0.392113, -5.0591464, 1.3887035, 
2913591194725, 3, 0.7155055, -3.600287, 0.4161305, 
2913611458423, 3, 1.565908, -1.779707, -0.7768285, 
2913631050715, 3, 2.6846066, -1.93781, -2.1183085, 
2913651314361, 3, 3.702694, -2.7115564, -1.7829385, 
2913670906652, 3, 4.0165043, -4.2854, -0.295333, 
2913691139830, 3, 5.1615534, -5.669999, 0.303542, 
2913710732121, 3, 9.061427, -7.150418, -0.2737735, 
2913730965246, 3, 11.097603, -11.579698, 0.241259, 
2913750557538, 3, 8.026571, -17.50856, 0.3394745, 
2913770821236, 3, 6.740188, -16.545568, 0.86888, 
2913790413475, 3, 6.8863134, -16.313206, 2.11454, 
2913810433007, 3, 6.380863, -17.060602, 2.4954245, 
2913830452538, 3, 4.4908137, -15.386147, 3.3338494, 
2914129193215, 3, 1.0412935, -14.648333, 4.2728853, 
2914149273788, 3, -1.246409, -12.796612, 5.32451, 
2914169323840, 3, 1.3095895, -13.55838, 6.009623, 
2914188916132, 3, 3.2547355, -15.194507, 4.236953, 
2914208966184, 3, 3.237967, -14.332127, 3.020039, 
2914229107798, 3, 2.667838, -12.600181, 2.766116, 
2914248700038, 3, 2.2725804, -11.706659, 3.178142, 
2914268658580, 3, 2.126455, -10.3292465, 2.92901, 
2914288586548, 3, 2.5408764, -9.169825, 3.0847175, 
2914308178840, 3, 3.582919, -7.59119, 3.738689, 
2914328411965, 3, 3.558964, -4.893857, 3.4009235, 
2914348004257, 3, 2.993626, -5.281928, 3.034412, 
2914368267955, 3, 2.2582076, -6.5826845, 2.933801, 
2914387860194, 3, 2.1815515, -4.9393716, 1.7719835, 
2914408123892, 3, 3.343369, -2.8313315, -0.333661, 
2914427716184, 3, 3.97099, -3.3200135, -1.219996, 
2914448193475, 3, 3.8679836, -4.8962526, -0.3073105, 
2914467785767, 3, 4.7064085, -5.3561883, 0.499973, 
2914487927330, 3, 6.610831, -6.72881, 0.2867735, 
2914507519621, 3, 7.271989, -8.705097, 0.8664845, 
2914527752798, 3, 7.1977286, -10.250195, 1.8294755, 
2914547345090, 3, 6.8288217, -11.661144, 1.295279, 
2914567303580, 3, 6.2299466, -13.527239, 0.720359, 
2914587262069, 3, 5.063338, -15.175343, 0.5502785, 
2914606854361, 3, 3.597292, -15.714331, 0.5263235, 
2914627057017, 3, 2.710957, -14.753735, 0.897626, 
2914646649257, 3, 2.1815515, -12.310325, 1.324025, 
2914666912955, 3, 1.6234, -10.231031, 1.410263, 
2914686505246, 3, 1.024525, -9.486031, 1.151549, 
2914706768892, 3, 0.684364, -8.374518, 1.0150055, 
2914726361184, 3, 0.6244765, -7.3588266, 1.0916615, 
2914746594361, 3, 0.463978, -7.1096945, 1.5036875, 
2914766186652, 3, 0.602917, -6.278456, 2.301389, 
2914786450298, 3, 0.3130615, -5.329838, 3.1038816, 
2914806042590, 3, -0.5732735, -5.0399823, 2.814026, 
2914826031600, 3, -0.8511515, -5.96225, 1.8582215, 
2914846020611, 3, -0.441521, -7.653473, 1.1347805, 
2914865612902, 3, 0.6915505, -9.205757, 0.806597, 
2914885846080, 3, 1.2856345, -12.688814, 1.371935, 
2914905438319, 3, 0.353785, -16.188639, 2.2462926, 
2914925732538, 3, -0.446312, -16.835424, 2.7541385, 
2914945324830, 3, 0.4951195, -14.46388, 3.250007, 
2914965557955, 3, 1.6641235, -13.249361, 2.9505694, 
2914985408580, 3, 2.3492365, -13.302062, 2.569685, 
2915005641757, 3, 1.7791075, -12.808589, 2.397209, 
2915025234048, 3, 1.676101, -11.095806, 2.2271285, 
2915045528215, 3, 2.2390435, -9.064423, 1.668977, 
2915065120507, 3, 2.9864395, -7.4833927, 1.3934945, 
2915085353632, 3, 3.34816, -6.771929, 1.453382, 
2915104945923, 3, 3.065491, -6.043697, 2.100167, 
2915125148580, 3, 2.509735, -5.023214, 3.101486, 
2915144740871, 3, 2.2438345, -3.911702, 3.0128524, 
2915165004517, 3, 2.1480145, -3.672152, 2.009138, 
2915184596809, 3, 2.91697, -4.57286, 0.6269345, 
2915204860507, 3, 3.2547355, -5.224436, 0.0568055, 
2915224452798, 3, 3.410443, -5.8448706, -0.2066995, 
2915244716444, 3, 5.0944796, -6.139517, -0.1156705, 
2915264308736, 3, 6.721024, -8.326609, 1.050938, 
2915284541913, 3, 6.9533877, -11.630003, 2.253479, 
2915304134152, 3, 5.393917, -13.390696, 3.0942996, 
2915324367330, 3, 4.4429035, -13.546403, 3.3290584, 
2915343959621, 3, 4.7016177, -13.960825, 2.914637, 
2915364223267, 3, 5.1328077, -15.232835, 2.6439455, 
2915383815559, 3, 4.392598, -14.6555195, 3.307499, 
2915403774048, 3, 2.840314, -12.21211, 4.107596, 
2915423702069, 3, 2.270185, -9.730371, 3.9758434, 
2915443294309, 3, 2.0905225, -9.617783, 3.3673866, 
2915463649569, 3, 1.843786, -9.402188, 2.6583185, 
2915483241861, 3, 2.1025, -7.8091807, 1.7097005, 
2915503261392, 3, 1.867741, -6.24971, 1.9061315, 
2915523250402, 3, 0.8640265, -4.687844, 3.302708, 
2915542842694, 3, 0.3897175, -4.5033903, 4.0716634, 
2915563106340, 3, 0.5526115, -4.8483424, 3.6931746, 
2915582698632, 3, 0.5430295, -6.211382, 3.135023, 
2915602962277, 3, -0.0223085, -6.96836, 3.594959, 
2915622554569, 3, -0.53255, -7.404341, 4.6082554, 
2915642787746, 3, 0.2316145, -9.780677, 5.669462, 
2915662380038, 3, 0.483142, -10.621497, 6.2132406, 
2915682674205, 3, 0.5286565, -11.510228, 4.385474, 
2915702266496, 3, 0.832885, -15.680794, 2.924219, 
2915722530194, 3, 1.8365995, -16.205408, 3.7075474, 
2915742122434, 3, 2.068963, -13.079281, 5.18078, 
2915762294569, 3, 1.7359885, -10.262173, 6.273128, 
2915781886861, 3, 2.212693, -9.493217, 5.6862307, 
2915801875871, 3, 2.811568, -9.090773, 4.1818566, 
2915821834361, 3, 2.663047, -9.447702, 3.010457, 
2915841426652, 3, 2.370796, -9.153056, 2.2510836, 
2915861781861, 3, 2.5600405, -6.6809, 1.678559, 
2915881374152, 3, 2.763658, -4.683053, 0.998237, 
2915901576809, 3, 2.8091724, -4.0482454, 0.9096035, 
2915921169100, 3, 2.8522916, -3.887747, 1.151549, 
2915941432746, 3, 3.1637065, -3.2912674, 1.333607, 
2915961025038, 3, 3.5421956, -3.418229, 1.0054235, 
2915981258215, 3, 3.49189, -4.57286, 0.739523, 
2916000877955, 3, 3.7242534, -5.583761, 1.0916615, 
2916021172121, 3, 5.0465693, -6.2089863, 1.3695395, 
2916040764413, 3, 7.209706, -8.321817, 1.3168385, 
2916060967017, 3, 7.3726, -11.220372, 2.148077, 
2916080559309, 3, 6.2491107, -14.195583, 2.972129, 
2916100853527, 3, 5.8658304, -15.788591, 3.638078, 
2916120445819, 3, 5.805943, -16.080841, 4.1531105, 
2916140404309, 3, 5.417872, -15.141806, 4.55795, 
2916160332277, 3, 4.2512636, -13.74523, 4.625024, 
2916179924569, 3, 2.8427095, -11.651563, 4.433384, 
2916200279777, 3, 2.0857315, -10.254986, 3.9231424, 
2916219872069, 3, 1.8509725, -9.759117, 3.2380295, 
2916240135767, 3, 1.541953, -8.3936825, 2.8834956, 
2916259728007, 3, 1.4293644, -6.340739, 2.699042, 
2916279961184, 3, 1.067644, -5.0639377, 2.83319, 
2916299553475, 3, 0.3801355, -4.879484, 2.9553604, 
2916319847642, 3, 0.229219, -5.3561883, 2.818817, 
2916339439934, 3, 0.1789135, -6.1371217, 2.579267, 
2916359673111, 3, 0.085489, -6.4149995, 2.694251, 
2916379265402, 3, -0.106151, -6.522797, 3.571004, 
2916399315455, 3, -0.273836, -7.59119, 4.577114, 
2916419365455, 3, 0.8352805, -9.351883, 4.524413, 
2916438957746, 3, 1.254493, -10.808347, 5.1496387, 
2916459099361, 3, 0.1861, -12.650486, 5.5472913, 
2916478691652, 3, 0.224428, -15.11306, 5.520941, 
2916498894309, 3, 1.0844125, -14.648333, 5.535314, 
2916518486548, 3, 1.4868565, -11.955791, 6.000041, 
2916538780767, 3, 2.145619, -10.223845, 6.1413755, 
2916558373059, 3, 2.016262, -9.332719, 5.94734, 
2916578636705, 3, 2.0186574, -8.034357, 4.9867444, 
2916598228996, 3, 2.1671784, -7.8810453, 3.489557, 
2916618431652, 3, 2.1432235, -7.188746, 2.73737, 
2916638023944, 3, 1.8030626, -5.325047, 2.3133664, 
2916658318111, 3, 1.010152, -3.9428434, 1.9205045, 
2916677910402, 3, 0.348994, -3.504467, 2.550521, 
2916698143580, 3, 0.511888, -3.5068624, 2.507402, 
2916717735819, 3, 1.43176, -3.5116534, 2.0067425, 
2916737938475, 3, 3.041536, -4.582442, 1.434218, 
2916757530767, 3, 4.92919, -7.021061, 1.2833015, 
2916777794413, 3, 7.137841, -10.094487, 0.8137835, 
2916797386705, 3, 9.787264, -11.126948, 1.367144, 
2916817680923, 3, 12.678633, -11.790502, 2.560103, 
2916837273215, 3, 12.25942, -14.291404, 3.987821, 
2916857201184, 3, 9.928598, -15.172948, 5.128079, 
2916877098632, 3, 9.48064, -14.734571, 5.6095743, 
2916896690923, 3, 9.387216, -16.008978, 5.3748155, 
2916916954569, 3, 8.498485, -16.006582, 4.7519855, 
2916936546861, 3, 7.0587897, -15.163365, 3.9902165, 
2916956780038, 3, 5.350798, -14.174024, 3.9518886, 
2916976372330, 3, 4.574656, -12.45645, 4.538786, 
2916996605455, 3, 4.124302, -10.259777, 4.5795097, 
2917016423632, 3, 3.391279, -8.108618, 3.700361, 
2917036717850, 3, 2.7373075, -6.9563823, 3.101486, 
2917056310090, 3, 2.1623876, -6.2233596, 2.9888976, 
2917076543267, 3, 1.7168245, -4.86032, 3.0703444, 
2917096135559, 3, 1.168255, -4.165625, 3.1230454, 
2917116399205, 3, 0.61729, -3.351155, 2.7445564, 
2917135991496, 3, 0.669991, -3.763181, 2.5529165, 
2917156224673, 3, 0.3849265, -4.184789, 3.911165, 
2917175816965, 3, 0.157354, -3.7559946, 4.7471943, 
2917196080611, 3, 1.5826765, -3.116396, 4.9867444, 
2917215672902, 3, 4.483627, -3.092441, 5.4802175, 
2917235875559, 3, 6.443146, -2.3234856, 6.3569703, 
2917255467850, 3, 7.966684, -3.130769, 7.9427915, 
2917275731496, 3, 9.356074, -5.406494, 8.424287, 
2917295323788, 3, 9.784868, -4.7764773, 7.878113, 
2917315617955, 3, 9.93339, -3.159515, 6.9414725, 
2917335210246, 3, 9.705817, -2.517521, 6.2084494, 
2917355473944, 3, 8.627842, -2.182151, 5.7820506, 
2917375066236, 3, 7.3510404, -2.3713956, 5.813192, 
2917394963684, 3, 6.208387, -2.785817, 4.8909245, 
2917414861132, 3, 5.59993, -2.474402, 3.705152, 
2917434453423, 3, 5.9185314, -1.453919, 3.31229, 
2917454564517, 3, 5.5927434, -1.329353, 2.9793155, 
2917474645090, 3, 4.6249614, -1.583276, 2.703833, 
2917494237382, 3, 3.6763434, -0.759224, 1.7671925, 
2917514470507, 3, 3.1349604, 0.606211, 1.0724975, 
2917534062798, 3, 3.9111025, 1.545247, 1.716887, 
2917554265455, 3, 4.991473, 1.209877, 2.2415016, 
2917573857746, 3, 6.189223, 0.615793, 2.11454, 
2917594212955, 3, 9.353679, 1.439845, 3.8081584, 
2917613805246, 3, 12.4630375, 1.7105365, 6.18689, 
2917634007850, 3, 14.31955, -0.1914905, 6.0503464, 
2917653600142, 3, 15.70894, -0.447809, 5.056214, 
2917673833319, 3, 16.439568, 0.26605, 4.4884806, 
2917693425611, 3, 16.21439, -0.174722, 4.984349, 
2917713689257, 3, 14.928007, -2.507939, 6.637244, 
2917733281548, 3, 12.716961, -6.034115, 6.8456526, 
2917753575715, 3, 10.259177, -7.509743, 6.2707324, 
2917773168007, 3, 7.358227, -3.686525, 5.4754267, 
2917793157017, 3, 4.9220033, 0.606211, 3.4057145, 
2917813146027, 3, 2.6414876, 0.0672235, 2.502611, 
2917832738319, 3, 0.852049, -5.8161244, 5.190362, 
2917852971496, 3, 0.622081, -6.6832957, 5.923385, 
2917872563788, 3, 1.5778855, -3.969194, 3.93512, 
2917892827434, 3, 3.4176295, -5.622089, 1.82708, 
2917912419725, 3, 5.437036, -9.589037, 1.755215, 
2917932713944, 3, 5.7268915, -9.179406, 3.4009235, 
2917952306184, 3, 4.565074, -5.832893, 4.955603, 
2917972997121, 3, 7.1306543, -5.349002, 4.912484, 
2917992589413, 3, 11.576702, -6.1706586, 4.711262, 
2918012395298, 3, 12.992443, -7.2198877, 6.57017, 
2918032107434, 3, 11.447346, -8.396078, 8.373981, 
2918052340611, 3, 9.569274, -7.0522027, 8.908178, 
2918808566184, 3, 7.7486935, -6.7024593, 9.629224, 
2918829287642, 3, 6.979738, -3.576332, 5.568851, 
2918849093527, 3, 5.4921327, -2.32109, 1.5515975, 
2918868594257, 3, 3.463144, -1.525784, 0.9910505, 
2919405313527, 3, -3.8742726, 0.36187, 0.504764, 
2919425516184, 3, -3.771266, 0.831388, 0.8616935, 
2919445688267, 3, -3.708983, 0.922417, 1.20425, 
2919465890923, 3, -3.871877, 0.725986, 1.381517, 
2919485818892, 3, -3.6251404, -0.567584, 1.9444596, 
2919505289100, 3, -3.876668, -4.002731, 2.2271285, 
2919525125559, 3, -5.486444, -12.233669, 0.107111, 
2919545267121, 3, -7.6256256, -26.846218, -1.272697, 
2919564859413, 3, -9.987589, -32.58584, 2.516984, 
2919585062069, 3, -6.1068783, -28.276333, 2.148077, 
2919604654361, 3, -1.3110875, -22.105524, 1.1491535, 
2919624673892, 3, -0.173225, -15.668816, 1.2737195, 
2919644693423, 3, 0.8640265, -12.293556, 0.4784135, 
2919664285715, 3, 1.9707475, -12.271997, 0.356243, 
2919684610402, 3, 2.327677, -11.059874, 0.399362, 
2919704202694, 3, 2.7468896, -7.7229424, 0.327497, 
2919724405350, 3, 3.2834816, -4.7285676, 0.2149085, 
2919743997590, 3, 3.927871, -2.9319425, 0.078365, 
2919764291809, 3, 4.3614564, -2.119868, 0.0855515, 
2919783884100, 3, 4.756714, -2.1893375, 0.0376415, 
2919803812069, 3, 5.365171, -3.2385664, -0.1827445, 
2919823740038, 3, 5.8083386, -3.959612, -0.276169, 
2919843332330, 3, 5.781988, -4.869902, -0.8391115, 
2919863748580, 3, 5.911345, -5.8784075, -1.406845, 
2919883340871, 3, 7.434883, -8.50148, -1.9458325, 
2919903604569, 3, 10.323856, -14.135696, -3.0525534, 
2919923196809, 3, 9.614788, -25.0999, -6.3295975, 
2919943429986, 3, 3.9111025, -32.37743, -5.378584, 
2920281950142, 3, -4.2527614, -19.293207, 0.1526255, 
2920301939152, 3, -5.1726336, -28.005642, 0.4736225, 
2920321958684, 3, -4.6552057, -30.175964, 1.0820795, 
2920341947694, 3, -0.709817, -27.294178, 0.6748445, 
2920361936705, 3, 1.0269206, -20.174751, 1.2737195, 
2920381528996, 3, 1.877323, -13.879377, 1.2976745, 
2920401975767, 3, 2.926552, -12.161804, 0.528719, 
2920421568059, 3, 3.2211986, -11.299424, 0.111902, 
2920441526548, 3, 3.242758, -8.33619, -0.0390145, 
2920461118840, 3, 3.6428065, -4.649516, -0.1012975, 
2920481443527, 3, 4.105138, -1.928228, 0.0065, 
2920501035819, 3, 4.1266975, -0.457391, 0.107111, 
2920521482590, 3, 3.870379, -0.050156, 0.020873, 
2920541074882, 3, 3.664366, -0.562793, -0.228259, 
2920561033371, 3, 4.0021315, -1.5473435, -0.443854, 
2920580961392, 3, 4.7639003, -2.958293, -0.908581, 
2920600553632, 3, 5.0896883, -4.606397, -1.2942564, 
2920621000455, 3, 5.2717466, -6.3287616, -1.6967005, 
2920640592694, 3, 6.855172, -9.634551, -1.67035, 
2920660520715, 3, 9.109338, -16.531197, -3.0285985, 
2920680448684, 3, 5.537647, -27.993664, -6.255337, 
2920700040975, 3, -2.2022135, -33.38833, -5.0504007, 
2920720518267, 3, -5.0384855, -29.069242, -2.6405275, 
2921078516236, 3, -3.3376806, -22.424126, 0.24605, 
2921099176600, 3, -4.50908, -28.343407, -0.4414585, 
2921118768892, 3, -2.463323, -28.273937, -0.1252525, 
2921138635871, 3, -0.096569, -22.258837, 1.0437515, 
2921158228163, 3, 1.33594, -15.759845, 1.8965495, 
2921178461288, 3, 1.8365995, -13.450583, 1.2545555, 
2921198053580, 3, 1.877323, -12.21211, 0.399362, 
2921218103632, 3, 2.4881754, -9.323136, -0.0821335, 
2921238153684, 3, 3.5661504, -5.9311085, -0.1971175, 
2921257745975, 3, 4.555492, -3.480512, -0.103693, 
2921278009621, 3, 5.1136436, -2.086331, 0.19814, 
2921297601913, 3, 5.053756, -1.5425525, 0.3538475, 
2921317651965, 3, 4.8261833, -1.592858, 0.1478345, 
2921337702017, 3, 5.163949, -2.335463, -0.506137, 
2921357294309, 3, 6.1005893, -3.3727145, -1.373308, 
2921377527434, 3, 6.663532, -4.160834, -1.7637745, 
2921397119725, 3, 7.137841, -5.1022654, -1.8643855, 
2921417352902, 3, 9.729772, -7.5887947, -1.6152534, 
2921436945194, 3, 12.362427, -15.410102, -2.4345145, 
2921457208840, 3, 7.588195, -28.029596, -3.5843544, 
2921476801132, 3, 0.1501675, -31.639614, -1.924273, 
2921497064830, 3, -0.6307655, -25.442455, -0.37678, 
2921835352173, 3, -1.035605, -6.5491476, 15.411961, 
2921855463267, 3, -2.1878405, -9.026094, 16.839678, 
2921875574309, 3, -1.4116985, -8.496689, 16.219244, 
2921895166600, 3, -0.911039, -4.965722, 14.920883, 
2921915125090, 3, -0.249881, -2.4576335, 14.168696, 
2921934717382, 3, 0.6867595, -3.27929, 11.7516365, 
2921955042121, 3, 1.6210045, -2.6253185, 9.483098, 
2921974634413, 3, 1.9036735, -1.2071825, 7.91165, 
2921994898059, 3, 1.9803295, -0.9101405, 6.3569703, 
2922014490350, 3, 1.91086, -0.395108, 5.128079, 
2922034723475, 3, 1.685683, 0.4217575, 4.193834, 
2922054264569, 3, 1.225747, 1.061356, 3.101486, 
2922074528267, 3, 1.580281, 0.543928, 2.239106, 
2922094120559, 3, 2.3348634, -0.577166, 2.493029, 
2922114109569, 3, 2.5073395, -0.926909, 3.7602484, 
2922134068059, 3, 2.749285, -1.228742, 5.123288, 
2922153660350, 3, 4.2320995, -1.501829, 6.1605396, 
2922173954517, 3, 7.0539985, -1.2742565, 8.362004, 
2922193546809, 3, 7.243243, -3.0421355, 12.166058, 
2922213841027, 3, 5.4538045, -5.4759636, 14.757989, 
2922233433267, 3, 6.0766344, -6.4964466, 15.728167, 
2922253422277, 3, 4.900444, -6.6305947, 15.704211, 
2922273380819, 3, 3.3697195, -4.338101, 14.959211, 
2922292973059, 3, 2.0905225, -4.266236, 13.893213, 
2922313145194, 3, 1.4197825, -4.654307, 12.597248, 
2922332737486, 3, 0.6652, -3.51884, 10.898838, 
2922353184257, 3, 0.214846, -2.507939, 8.814754, 
2922372776548, 3, -0.015122, -1.8922955, 6.9270997, 
2922392979205, 3, -0.115733, -1.8443855, 5.290973, 
2922412571496, 3, -0.2858135, -1.84199, 4.1099916, 
2922432560507, 3, -0.7649135, -1.4563144, 3.7506666, 
2922452518996, 3, -1.0188365, -1.3892405, 3.6692195, 
2922472111288, 3, -0.834383, -1.5760895, 4.2106023, 
2922492527538, 3, -1.3350425, -2.4672155, 6.0311823, 
2922512119830, 3, -2.252519, -3.0708816, 8.601554, 
2922532352955, 3, -1.8524705, -2.1078906, 9.535799, 
2922551945246, 3, 0.363367, -0.2441915, 9.94543, 
2922572178423, 3, 0.2411965, -2.100704, 13.986638, 
2922591770715, 3, -0.661907, -4.721381, 16.33902, 
2922611759725, 3, 1.4341555, -6.8557715, 15.476639, 
2922631748736, 3, 1.9947025, -5.602925, 14.83225, 
2922651341027, 3, 0.8736085, -1.391636, 13.780625, 
2922671665715, 3, 0.95266, -1.818035, 11.559997, 
2922691258007, 3, 1.249702, -3.2912674, 10.441298, 
2922711582694, 3, 0.7538335, -2.9846435, 10.4149475, 
2922731174986, 3, 0.8831905, -2.359418, 9.370509, 
2922751163996, 3, 1.0556664, -1.257488, 7.935605, 
2922771122486, 3, 1.038898, 0.079201, 6.5773563, 
2922790714777, 3, 0.8017435, 0.7762915, 5.358047, 
2922810978475, 3, 0.71311, 0.5942335, 3.9327245, 
2922830570715, 3, 1.498834, 0.318751, 2.5241704, 
2922850987017, 3, 2.6079504, 0.198976, 2.291807, 
2922870579309, 3, 2.974462, 0.2061625, 3.494348, 
2922890873475, 3, 2.945716, -0.1100435, 5.353256, 
2922910465767, 3, 3.568546, -1.1209445, 6.7642055, 
2922930393736, 3, 6.836008, -1.7198195, 7.389431, 
2922950291184, 3, 8.968003, -2.7115564, 10.5730505, 
2922969883475, 3, 3.942244, -5.363375, 14.805899, 
2922990208215, 3, 3.2547355, -5.7107224, 16.327042, 
2923009800455, 3, 5.087293, -7.6989875, 15.859919, 
2923030186236, 3, 4.5626783, -6.8413987, 14.83225, 
2923049778527, 3, 2.9481115, -4.357265, 13.744693, 
2923069706496, 3, 1.264075, -3.7991135, 12.254691, 
2923089634465, 3, 0.0351835, -2.8648684, 11.188694, 
2923109549309, 3, -0.489431, -2.632505, 9.535799, 
2923129782434, 3, -0.5253635, -2.5486624, 7.9763284, 
2923149374725, 3, -0.8080325, -1.5808805, 7.3870354, 
2923169699465, 3, -0.96374, -0.8047385, 6.7689967, 
2923189291705, 3, -0.9325985, -0.577166, 5.5281277, 
2923209555402, 3, -1.131425, -0.701732, 4.60586, 
2923229147694, 3, -1.500332, -1.228742, 4.6370015, 
2923249228267, 3, -1.816538, -2.230061, 5.7437224, 
2923269308840, 3, -2.5854936, -2.919965, 7.595444, 
2923288901080, 3, -2.458532, -2.3857684, 8.278161, 
2923308981652, 3, -1.040396, -1.6575365, 9.111795, 
2923328573944, 3, -0.791264, -2.948711, 13.030833, 
2923348837642, 3, -0.9086435, -4.759709, 16.053955, 
2923368429934, 3, -0.19718, -5.4328446, 15.181993, 
2923388724100, 3, 0.3992995, -4.3165417, 14.413037, 
2923408316392, 3, 0.593335, -2.2420385, 14.470529, 
2923428335923, 3, 1.216165, -2.5199165, 13.279965, 
2923448324934, 3, 1.541953, -2.158196, 11.303678, 
2923467917225, 3, 1.4724835, -0.960446, 9.61006, 
2923488180871, 3, 1.628191, -0.672986, 8.043403, 
2923507773163, 3, 1.460506, -0.3304295, 7.307984, 
2923528067382, 3, 1.0508755, 0.3786385, 7.020524, 
2923547659673, 3, 0.8688175, 0.4888315, 6.148562, 
2923567923319, 3, 0.804139, -0.0046415, 5.094542, 
2923587515611, 3, 0.995779, -0.69215, 4.2920494, 
2923607535142, 3, 1.3910365, -1.4179865, 4.189043, 
2923627524152, 3, 2.030635, -1.8683405, 4.8525963, 
2923647116444, 3, 2.926552, -2.589386, 6.18689, 
2923667471652, 3, 3.544591, -3.0277624, 7.298402, 
2923687063944, 3, 5.5400424, -3.274499, 7.4876466, 
2923707327642, 3, 7.94752, -3.6505926, 9.737021, 
2923726919882, 3, 4.6153793, -5.334629, 15.055031, 
2923747214100, 3, 1.1850235, -6.690482, 17.75955, 
2923766806392, 3, 2.241439, -8.072685, 17.00976, 
2923787070038, 3, 2.035426, -6.642572, 15.510176, 
2923806662330, 3, 0.6388495, -4.3931975, 14.240561, 
2923826620819, 3, 0.0639295, -4.184789, 12.496637, 
2923846579309, 3, -0.561296, -3.1810744, 11.07371, 
2923866171600, 3, -0.8751065, -2.551058, 9.322599, 
2923886404777, 3, -0.824801, -1.980929, 7.91165, 
2923905997069, 3, -1.0332094, -1.195205, 7.034897, 
2923926230194, 3, -1.10747, -1.3940315, 5.9114075, 
2923945822486, 3, -1.34702, -1.808453, 4.759172, 
2923966086184, 3, -1.677599, -1.9929065, 4.2106023, 
2923985678423, 3, -1.6991585, -1.760543, 4.423802, 
2924005942121, 3, -1.802165, -1.1688545, 5.3412786, 
2924025534413, 3, -2.252519, -1.0634525, 7.025315, 
2924045737017, 3, -2.669336, -2.1558006, 8.776425, 
2924065329309, 3, -1.9914095, -2.41691, 9.3417635, 
2924085348840, 3, 0.190891, 0.3307285, 8.860268, 
2924105368371, 3, 0.636454, 0.428944, 12.391235, 
2924127020038, 3, -0.293, -2.268389, 16.511496, 
2924147527850, 3, 0.511888, -4.3788247, 15.486221, 
2924167120142, 3, 0.9071455, -3.830255, 14.611863, 
2924187048111, 3, -0.269045, -0.337616, 14.856204, 
2924206976080, 3, -0.1229195, -0.519674, 13.078744, 
2924226568371, 3, -0.115733, -0.663404, 11.006636, 
2924247045663, 3, -0.364865, 0.256468, 10.134674, 
2924266637955, 3, -0.192389, -0.941282, 9.569336, 
2924286871132, 3, 0.286711, -1.3221664, 8.762053, 
2924306463423, 3, 0.440023, -0.7328735, 7.7703156, 
2924326421913, 3, 0.344203, 0.203767, 7.0708294, 
2924346349882, 3, 0.2124505, 0.357079, 5.9545264, 
2924365942173, 3, 0.607708, -0.093275, 4.6034646, 
2924386236340, 3, 1.484461, -0.64424, 4.289654, 
2924405828632, 3, 1.9899116, -0.9053495, 4.9532075, 
2924426214361, 3, 1.86295, -0.9388865, 5.990459, 
2924445806652, 3, 1.9707475, -0.7232915, 6.8073244, 
2924466009309, 3, 3.961408, -0.007037, 7.2672606, 
2924485601600, 3, 5.6933546, 0.112738, 9.372905, 
2924505926288, 3, 4.4764404, -1.6958646, 13.002088, 
2924525518580, 3, 3.822469, -2.996621, 14.3795, 
2924545721236, 3, 4.253659, -3.973985, 14.357941, 
2924565313527, 3, 2.797195, -3.221798, 14.923279, 
2924585607694, 3, 1.1850235, -2.287553, 14.851414, 
2924605199986, 3, 0.0208105, -2.5630355, 13.203309, 
2924625097434, 3, -0.489431, -1.6431634, 11.746845, 
2924644994882, 3, -0.642743, -1.271861, 10.299964, 
2924664587173, 3, -0.566087, -0.993983, 8.89141, 
2924684911913, 3, -0.43673, -0.9820055, 7.523579, 
2924704504205, 3, -0.297791, -1.228742, 6.5581927, 
2924724950975, 3, -0.5493185, -1.4371505, 6.0982566, 
2924744543267, 3, -0.853547, -1.6910735, 5.554478, 
2924764471236, 3, -0.853547, -1.5473435, 4.7376127, 
2924784399205, 3, -0.7457495, -1.2550925, 4.5172267, 
2924803991496, 3, -1.294319, -1.2311375, 5.784446, 
2924824407746, 3, -2.2309594, -1.1928095, 8.309303, 
2924844000038, 3, -2.2117956, -1.0778255, 9.171683, 
2924864202642, 3, -0.1612475, 0.050455, 8.709352, 
2924883794934, 3, 0.056743, -0.1531625, 11.392311, 
2924904089152, 3, -0.216344, -1.7246104, 14.76278, 
2924923681444, 3, 0.7298785, -3.6026826, 14.219002, 
2924943884048, 3, 1.005361, -3.873374, 14.1136, 
2924963476340, 3, 0.1884955, -0.9963785, 15.134083, 
2924983740038, 3, 0.2843155, -0.7089185, 14.468134, 
2925003332330, 3, 0.3322255, -0.83588, 12.592457, 
2925023290819, 3, 0.2747335, 0.242095, 11.145575, 
2925043249309, 3, 0.669991, -0.256169, 9.782536, 
2925062841600, 3, 1.0508755, -0.5172785, 8.553644, 
2925083074725, 3, 0.8688175, 0.2492815, 7.796666, 
2925102667017, 3, 0.6675955, 0.7427545, 6.90554, 
2925122900194, 3, 0.8448625, 0.3498925, 5.492195, 
2925140900350, 3, 1.426969, -0.390317, 4.4645257, 
2925161225038, 3, 2.361214, -0.6993365, 4.36631, 
2925180817330, 3, 3.017581, -1.228742, 5.2454586, 
2925200958944, 3, 3.1301694, -1.520993, 6.321038, 
2925221100507, 3, 3.606874, -1.885109, 6.541424, 
2925240692798, 3, 6.3113937, -1.880318, 6.1749125, 
2925260712330, 3, 8.486507, -1.74617, 8.958484, 
2925280304621, 3, 4.88128, -3.284081, 13.974661, 
2925300690350, 3, 3.774559, -3.8997245, 15.778472, 
2925320282642, 3, 5.346007, -5.952668, 14.777153, 
2925340546340, 3, 4.3806205, -5.0160275, 14.734034, 
2925360138632, 3, 2.270185, -3.3295956, 14.992748, 
2925380066600, 3, 0.9454735, -3.700898, 13.495561, 
2925399994569, 3, -0.0558455, -2.5917816, 11.780382, 
2925419586861, 3, -0.599624, -1.779707, 9.952616, 
2925439942069, 3, -0.762518, -1.1353174, 8.850686, 
2925459534361, 3, -0.8559425, -0.466973, 7.743965, 
2925479798007, 3, -0.671489, -0.6322625, 6.2180314, 
2925499390298, 3, -0.6068105, -0.8622305, 5.108915, 
2925519623475, 3, -0.7265855, -1.3269575, 4.70168, 
2925539215767, 3, -0.9996725, -1.5281795, 5.0921464, 
2925559479413, 3, -1.0092545, -1.4515235, 5.693417, 
2925579071705, 3, -1.10747, -1.7868935, 6.1557484, 
2925599335402, 3, -1.2727596, -1.8587584, 7.058852, 
2925618927694, 3, -0.843965, -1.9497875, 9.291458, 
2925639221861, 3, -0.6786755, -2.9127786, 12.851171, 
2925658814152, 3, -1.1961035, -3.5835185, 15.258649, 
2925678742121, 3, -1.462004, -3.8086956, 15.388005, 
2925698639569, 3, -0.705026, -3.696107, 15.457475, 
2925718231861, 3, 0.176518, -3.049322, 14.892137, 
2925738770194, 3, 1.225747, -2.311508, 13.205705, 
2925758362486, 3, 1.326358, -1.2455105, 11.179112, 
2925778290455, 3, 1.235329, -0.9676325, 9.44477, 
2925798187902, 3, 1.201792, -1.7533565, 8.371586, 
2925817780194, 3, 0.7394605, -1.492247, 8.400332, 
2925838226965, 3, 0.267547, -0.6849635, 7.9284186, 
2925857819257, 3, 0.238801, -0.304079, 6.555797, 
2925878082955, 3, 0.492724, -0.2202365, 5.1496387, 
2925897675246, 3, 1.058062, -0.2825195, 3.9854255, 
2925917938892, 3, 2.0426126, -0.8143205, 3.513512, 
2925937531184, 3, 2.8187544, -1.17125, 4.2680945, 
2925957459152, 3, 2.480989, -0.859835, 5.6335297, 
2925977356600, 3, 2.3204906, -1.559321, 6.8360705, 
2925996948892, 3, 2.984044, -2.4815886, 7.5355563, 
2926017059986, 3, 5.0609426, -1.31498, 6.8504434, 
2926037140559, 3, 8.01699, -1.501829, 8.184737, 
2926056732850, 3, 4.3997846, -4.697426, 13.588985, 
2926076996496, 3, 2.480989, -7.11209, 17.251705, 
2926096588788, 3, 3.4559574, -10.676594, 16.437235, 
2926116852486, 3, 2.5169215, -8.702702, 15.217925, 
2926138571861, 3, -0.1372925, -6.125144, 14.690915, 
2926158804986, 3, -1.4212805, -5.449613, 13.536284, 
2926178397277, 3, -2.233355, -4.208744, 12.233132, 
2926198813527, 3, -2.3315704, -4.3836155, 10.359851, 
2926218405819, 3, -1.7231135, -3.930866, 8.345236, 
2926238486392, 3, -1.2583865, -3.068486, 6.3378067, 
2926258078684, 3, -1.026023, -2.0024886, 4.553159, 
2926278372850, 3, -1.7279046, -1.0059605, 3.1086726, 
2926297965142, 3, -1.6752034, -2.450447, 1.870199, 
2926318228840, 3, -1.3494155, -3.835046, 1.82708, 
2926337821132, 3, -2.180654, -3.250544, 2.861936, 
2926357779621, 3, -3.210719, -1.9402055, 4.3782873, 
2926377738111, 3, -3.7544975, -2.230061, 5.405957, 
2926397330402, 3, -3.9940474, -3.5451906, 5.9497356, 
2926417716132, 3, -3.2322786, -6.1227484, 7.1474857, 
2926437308423, 3, -1.208081, -9.601014, 7.9284186, 
2926457297434, 3, -0.10136, -15.563414, 6.469559, 
2926477255923, 3, -0.8271965, -22.472036, 4.6034646, 
2926496848215, 3, -0.796055, -24.589659, 3.3051035, 
2926517081340, 3, 0.52147, -22.457663, 2.866727, 
2926536673632, 3, 2.092918, -15.093896, 4.5459723, 
2926556967850, 3, 3.7817454, -9.138683, 4.6226287, 
2926576560142, 3, 4.5195594, -10.935308, 2.2846205, 
2926596884830, 3, 4.617775, -13.829072, 0.1286705, 
2926616477121, 3, 5.7221007, -10.101674, 1.3695395, 
2926636710246, 3, 5.1711354, -4.117715, 2.3804405, 
2928208903267, 3, 3.362533, -1.262279, 1.1970634, 
2928229441600, 3, 4.339897, -0.7232915, 0.8856485, 
2928249400090, 3, 5.341216, -2.6396916, -0.2306545, 
2928268870298, 3, 6.198805, -5.4711723, -1.454755, 
2928288767746, 3, 7.1354456, -5.7538414, -1.636813, 
2928925608580, 3, 1.2952164, -0.375944, 6.7162957, 
2928946085871, 3, 1.067644, -0.519674, 5.080169, 
2928966105402, 3, 1.0604575, -0.8334845, 4.1483197, 
2928985758736, 3, 0.8065345, -0.505301, 3.470393, 
2929005351027, 3, 0.871213, 0.26605, 2.9074504, 
2929025523111, 3, 1.4293644, 0.1007605, 2.6966465, 
2929045115402, 3, 2.0042844, -0.5843525, 3.5206985, 
2929065348580, 3, 2.643883, -1.3221664, 5.113706, 
2929084940871, 3, 4.8740935, -1.8635495, 6.086279, 
2929105204517, 3, 7.454047, -2.4959614, 8.385959, 
2929123015507, 3, 5.79157, -3.9763806, 12.652345, 
2929143035038, 3, 5.2669554, -5.344211, 13.4213, 
2929163054569, 3, 7.027648, -7.241447, 12.542151, 
2929182646861, 3, 5.710123, -7.423505, 12.602039, 
2929202971548, 3, 3.1637065, -4.865111, 13.320689, 
2929222563840, 3, 1.460506, -4.146461, 12.664322, 
2929242766496, 3, 0.6963415, -4.7716866, 11.076105, 
2929262358788, 3, 0.296293, -4.520159, 9.442374, 
2929282652955, 3, 0.0926755, -3.3439684, 8.165573, 
2929302245246, 3, -0.235508, -1.8922955, 7.3343344, 
2929322234257, 3, -0.431939, -1.875527, 6.1940765, 
2929342192746, 3, -0.422357, -1.956974, 5.1831756, 
2929361785038, 3, -0.3912155, -1.861154, 4.735217, 
2929382109725, 3, -0.3720515, -2.886428, 4.658561, 
2929401702017, 3, -0.2283215, -3.413438, 5.104124, 
2929421965715, 3, -0.7313765, -3.830255, 6.80972, 
2929441558007, 3, -1.366184, -4.5608826, 8.484175, 
2929461821652, 3, -0.288209, -4.793246, 8.3644, 
2929481413944, 3, 1.211374, -5.0878925, 9.866378, 
2929501647121, 3, 0.497515, -6.6018486, 14.774757, 
2929521239413, 3, 0.080698, -7.8379264, 17.084019, 
2929541533580, 3, 0.866422, -8.963812, 16.336624, 
2929561125871, 3, 0.420859, -7.610354, 15.524549, 
2929581084361, 3, -0.048659, -4.730963, 14.436992, 
2929601012330, 3, 0.5621935, -4.318937, 12.240318, 
2929620604621, 3, 0.789766, -3.9093065, 9.97178, 
2929640929309, 3, 0.7490425, -2.1893375, 8.522503, 
2929660521600, 3, 1.029316, -1.631186, 7.2433057, 
2929680937850, 3, 0.976615, -1.080221, 6.28271, 
2929700530142, 3, 0.6723865, -0.7376645, 5.3604426, 
2929720488632, 3, 0.3897175, -0.749642, 4.7424035, 
2929740416652, 3, 0.2699425, -0.7185005, 4.308818, 
2929760008944, 3, 0.531052, -0.811925, 3.7315025, 
2929780211548, 3, 1.1371135, -1.0155425, 3.412901, 
2929799803840, 3, 1.3718725, -1.2119735, 4.304027, 
2929820128527, 3, 1.1083674, -1.621604, 6.0982566, 
2929839720819, 3, 1.4868565, -2.4576335, 7.2624693, 
2929859923475, 3, 3.5421956, -2.56064, 7.0133376, 
2929879515767, 3, 6.2395287, -1.894691, 8.311699, 
2929899809934, 3, 4.2560544, -3.0085986, 12.853566, 
2929919402225, 3, 2.6846066, -4.6519117, 15.165224, 
2929939635402, 3, 3.7913275, -7.9050007, 14.78913, 
2929959227694, 3, 3.290668, -8.518249, 14.077667, 
2929979521861, 3, 0.737065, -6.101189, 14.434596, 
2929999114152, 3, -1.457213, -5.1885033, 13.588985, 
2930019316757, 3, -2.0968115, -4.8339696, 11.665399, 
2930038909048, 3, -2.075252, -4.3979883, 9.171683, 
2930059142225, 3, -1.327856, -4.3309145, 6.7737875, 
2930078734517, 3, -0.748145, -3.921284, 5.0538187, 
2930098784569, 3, -0.551714, -2.8744504, 3.9566796, 
2930118834621, 3, -0.5780645, -1.3461215, 2.8882866, 
2930138219830, 3, -0.8703155, -0.9867965, 2.239106, 
2930158208840, 3, -0.800846, -3.494885, 1.707305, 
2930178197850, 3, -0.791264, -4.855529, 2.4043956, 
2930197790142, 3, -1.9578725, -4.433921, 3.6069365, 
2930217992746, 3, -2.932841, -3.9667985, 5.171198, 
2930237585038, 3, -2.3411524, -3.835046, 6.5150733, 
2930257818215, 3, -0.824801, -6.3287616, 8.024239, 
2930277410455, 3, -1.5266825, -13.529634, 10.7838545, 
2930297765715, 3, -2.008178, -20.27057, 12.642762, 
2930317358007, 3, -1.811747, -22.383402, 13.459628, 
2930337377538, 3, -1.0380005, -18.13139, 10.810205, 
2930357366548, 3, 0.181309, -10.815533, 8.824335, 
2930376958840, 3, 0.995779, -6.9036813, 8.235043, 
2930397253007, 3, 1.9467925, -7.389968, 7.2672606, 
2930416845298, 3, 2.5983684, -8.585322, 5.746118, 
2930437047955, 3, 3.027163, -7.4546466, 4.4309883, 
2930456640194, 3, 2.8714554, -5.090288, 3.3913414, 
2930477056496, 3, 2.950507, -3.1858654, 2.8164215, 
2930496648736, 3, 3.1062145, -1.875527, 2.569685, 
2930516607277, 3, 2.749285, -1.281443, 2.421164, 
2930536535246, 3, 2.183947, -1.8899, 2.3277395, 
2930556127538, 3, 2.0953135, -3.178679, 1.989974, 
2930576391184, 3, 2.5121305, -4.0147085, 1.568366, 
2930595983475, 3, 2.5792046, -3.672152, 1.807916, 
2930616308163, 3, 3.4415846, -4.2925863, 2.459492, 
2930635900455, 3, 7.0156703, -6.307202, 3.8704414, 
2930656286236, 3, 10.187312, -12.322303, 6.196472, 
2930675878475, 3, 7.1402364, -24.462696, 6.939077, 
2930695806496, 3, 2.4354744, -29.754356, 6.1844945, 
2930715703944, 3, 2.313304, -23.7153, 5.9353623, 
2930735296236, 3, 1.589863, -17.580425, 6.129398, 
2930755681965, 3, -0.144479, -13.036161, 5.501777, 
2930775274257, 3, -0.939785, -10.374761, 4.6657476, 
2930795568423, 3, -1.069142, -9.945967, 3.345827, 
2931393069205, 3, 7.075558, -5.7346773, 2.5433345, 
2931413027694, 3, 11.521606, -9.524359, 3.575795, 
2931432955663, 3, 11.593471, -18.54581, 6.915122, 
2931452914152, 3, 6.088612, -27.080978, 9.293854, 
2931472842121, 3, 3.3888836, -23.530848, 9.4998665, 
2931493014257, 3, 2.164783, -17.108511, 9.159705, 
2931512698111, 3, 0.358576, -13.03137, 8.086521, 
2931532290402, 3, -0.58046, -9.965131, 7.5690937, 
2931552493007, 3, -0.7457495, -8.585322, 6.9654274, 
2931572085298, 3, -1.2296405, -6.96836, 6.000041, 
2931592318475, 3, -1.754255, -4.074596, 5.492195, 
2931611910767, 3, -2.046506, -2.407328, 4.3734965, 
2931632327017, 3, -1.720718, -2.03363, 3.000875, 
2931651919309, 3, -1.6608305, -1.995302, 2.1744275, 
2931671877798, 3, -1.9051715, -1.980929, 1.980392, 
2931691805767, 3, -1.763837, -1.3030025, 2.1696365, 
2931711398059, 3, -1.5410554, -1.2790475, 2.8978684, 
2931731753267, 3, -1.6799945, -2.469611, 4.553159, 
2931751345559, 3, -1.4021165, -3.8278594, 6.5725656, 
2931771609257, 3, 0.6723865, -4.026686, 7.906859, 
2931791201496, 3, 2.356423, -4.4123616, 10.199352, 
2931811404152, 3, 0.770602, -7.198328, 15.210738, 
2931830996444, 3, -0.489431, -9.3087635, 18.032637, 
2931851015975, 3, -0.106151, -8.71468, 16.164148, 
2931871035507, 3, -0.5349455, -5.449613, 14.4250145, 
2931890627798, 3, 0.047161, -4.6662846, 13.493165, 
2931911044048, 3, 0.9838015, -4.5752554, 11.639048, 
2931930636340, 3, 1.489252, -3.0565085, 9.935847, 
2931950869465, 3, 1.8174355, -2.119868, 8.568017, 
2931970461757, 3, 1.776712, -1.45871, 7.2385144, 
2931990694934, 3, 1.4197825, -1.056266, 5.8730793, 
2932010287225, 3, 1.2664706, -0.8382755, 4.8765516, 
2932030215194, 3, 0.919123, -0.5556065, 4.395056, 
2932050143163, 3, 0.502306, -0.605912, 4.3495417, 
2932069735455, 3, 0.6148945, -1.4131955, 4.471712, 
2932089968632, 3, 1.6018405, -2.1078906, 4.716053, 
2932109560871, 3, 2.476198, -2.9463155, 5.3700247, 
2932129763527, 3, 2.6366966, -2.795399, 6.206054, 
2932149355819, 3, 4.2512636, -1.798871, 6.675572, 
2932169649986, 3, 7.1162815, -1.592858, 8.651859, 
2932191443111, 3, 5.235814, -2.996621, 12.968551, 
2932211676288, 3, 4.105138, -4.649516, 15.232298, 
2932231268580, 3, 4.8118105, -7.3348713, 15.548504, 
2932251715350, 3, 3.5709414, -6.211382, 15.318536, 
2932271307642, 3, 1.8797185, -3.681734, 14.195046, 
2932291235611, 3, 1.187419, -3.322409, 12.362489, 
2932311133059, 3, 0.756229, -3.0852544, 11.337215, 
2932330725350, 3, -0.0270995, -3.111605, 10.374224, 
2932351050038, 3, -0.460685, -2.661251, 9.293854, 
2932370642330, 3, -0.7601225, -1.6479545, 7.993097, 
2932391058580, 3, -0.978113, -1.334144, 6.5150733, 
2932410650871, 3, -0.939785, -1.4131955, 4.9915357, 
2932430578840, 3, -0.6930485, -1.578485, 4.136342, 
2932450506861, 3, -0.7601225, -1.8395945, 4.3687053, 
2932470099152, 3, -0.992486, -1.5856715, 5.5616646, 
2932490637434, 3, -1.6799945, -1.492247, 7.2912154, 
2932510229725, 3, -2.012969, -1.559321, 8.201506, 
2932530127225, 3, -0.1372925, -0.8382755, 8.139222, 
2932550024673, 3, 1.163464, -0.6035165, 10.932376, 
2932569616965, 3, -0.4487075, -3.010994, 15.922202, 
2932589697538, 3, -0.896666, -5.315465, 16.559404, 
2932609778059, 3, -0.086987, -6.0987935, 14.683728, 
2932629370350, 3, 0.205264, -2.6109455, 14.456156, 
2932649817121, 3, 0.8544445, -1.2982115, 13.644081, 
2932669409413, 3, 1.311985, -1.846781, 11.991186, 
2932689703632, 3, 1.2473065, -0.8861855, 10.69043, 
2932709295923, 3, 1.321567, -0.3927125, 9.562149, 
2932729223892, 3, 1.374268, -0.428645, 8.409914, 
2932749151861, 3, 0.8209075, -0.2489825, 7.360685, 
2932768744152, 3, 0.372949, 0.280423, 6.5007005, 
2932788885767, 3, 0.4328365, 0.4505035, 5.583224, 
2932808996809, 3, 0.61729, -0.0333875, 4.7328215, 
2932828589100, 3, 0.8113255, -0.534047, 4.304027, 
2932848852798, 3, 1.426969, -0.6801725, 4.519622, 
2932868445090, 3, 2.1336415, -0.941282, 5.4562626, 
2932888830819, 3, 2.1767604, -1.128131, 6.450395, 
2932908423111, 3, 2.830732, -1.2646745, 6.742646, 
2932928351080, 3, 6.289834, -0.6849635, 6.9750094, 
2932948248527, 3, 7.7870216, -0.840671, 10.565864, 
2932967840819, 3, 3.994945, -2.790608, 14.408246, 
2932988257069, 3, 4.584238, -5.171735, 15.038262, 
2933007849361, 3, 5.384335, -7.3971543, 14.4250145, 
2933028326652, 3, 3.453562, -4.1488566, 14.767571, 
2933047918944, 3, 1.024525, -1.947392, 14.127973, 
2933067938475, 3, 0.0351835, -3.0948365, 12.070238, 
2933087530767, 3, -0.015122, -2.3378584, 10.525141, 
2933107763944, 3, -0.106151, -1.439546, 9.032744, 
2933127356184, 3, 0.4615825, -1.0682435, 7.652936, 
2933147589361, 3, 0.756229, -1.329353, 6.848048, 
2933164956705, 3, 0.229219, -1.9641604, 6.7210865, 
2933185220350, 3, -0.403193, -2.388164, 6.37853, 
2933204812642, 3, -0.58046, -2.0264435, 5.2981596, 
2933224740611, 3, -0.7361675, -1.4108, 4.6609564, 
2933244668632, 3, -1.0427915, -1.3125845, 5.592806, 
2933264260923, 3, -1.529078, -2.1558006, 7.935605, 
2933284677173, 3, -1.4787725, -2.2276654, 9.516635, 
2933304269465, 3, 1.4533195, -0.855044, 8.915364, 
2933324502590, 3, 2.811568, -0.6418445, 11.430639, 
2933344094882, 3, 0.679573, -2.7259295, 15.457475, 
2933364358580, 3, 0.895168, -5.751446, 15.778472, 
2933383950819, 3, 1.896487, -7.222283, 14.489693, 
2933404183996, 3, 1.498834, -2.0599804, 14.147137, 
2933423776288, 3, 1.5874676, -0.8430665, 12.769724, 
2933444070455, 3, 1.829413, -2.7738395, 10.894048, 
2933463662746, 3, 1.7216156, -2.5726175, 9.856796, 
2933483865402, 3, 1.637773, -2.230061, 8.805172, 
2933503457694, 3, 1.5826765, -1.5473435, 7.8613443, 
2933523385663, 3, 1.417387, -0.395108, 6.828884, 
2933543313632, 3, 1.129927, 0.2924005, 5.5616646, 
2933562905923, 3, 0.9263095, 0.6038155, 4.5795097, 
2933583291652, 3, 1.412596, 0.543928, 3.8560686, 
2933602883944, 3, 1.738384, 0.467272, 3.293126, 
2933622903475, 3, 1.776712, 0.012127, 3.283544, 
2933642892486, 3, 1.9515835, -0.160349, 3.939911, 
2933662484777, 3, 2.2486255, 0.8577385, 4.965185, 
2933682748423, 3, 4.9076304, 0.869716, 5.1975484, 
2933702340715, 3, 6.093403, -1.3892405, 8.565621, 
2933722634934, 3, 2.8475006, -5.57897, 15.227507, 
2933742227225, 3, 2.5696225, -7.452251, 16.628874, 
2933762460350, 3, 3.6236424, -8.446383, 15.452684, 
2933782052642, 3, 2.4546385, -10.861048, 15.043054, 
2933802316340, 3, 0.1980775, -9.359069, 14.78913, 
2933821908580, 3, -1.581779, -6.05807, 13.56503, 
2933842172277, 3, -1.835702, -5.487941, 11.435431, 
2933861764569, 3, -1.4404445, -5.4567995, 9.729835, 
2933881753580, 3, -1.049978, -4.496204, 8.606345, 
2933901742590, 3, -0.6690935, -3.0085986, 7.451714, 
2933921334882, 3, -0.2235305, -1.6431634, 6.1126294, 
2933941598527, 3, -0.010331, -0.8670215, 4.8046865, 
2933961190819, 3, 0.008833, -0.1244165, 3.8800235, 
2933981393475, 3, 0.2172415, 0.3786385, 3.005666, 
2934000985767, 3, -0.0031445, 0.309169, 2.651132, 
2934021432538, 3, -0.906248, -0.6130985, 4.3639145, 
2934041024830, 3, -1.878821, -3.672152, 6.4719543, 
2934061074882, 3, -1.8237245, -4.5465093, 7.9763284, 
2934080667173, 3, -0.8176145, -4.266236, 9.068677, 
2934100900298, 3, -2.1207664, -6.8797264, 14.290867, 
2934120492590, 3, -5.1151414, -10.760436, 20.82579, 
2934140756236, 3, -5.031299, -9.112332, 19.460356, 
2934160348527, 3, -4.3725367, -10.168748, 15.699421, 
2934180581705, 3, -1.883612, -10.906562, 12.405608, 
2934200501496, 3, -0.695444, -6.589871, 12.185222, 
2934220765142, 3, -0.4295435, -4.8722973, 13.042811, 
2934240357434, 3, 0.2124505, -5.4136806, 11.926508, 
2934260315923, 3, 0.545425, -4.1823936, 9.820864, 
2934280274413, 3, 0.765811, -2.3522315, 8.39075, 
2934299866705, 3, 0.832885, -0.855044, 6.958241, 
2934320191444, 3, 0.947869, -0.438227, 5.3077416, 
2934339783736, 3, 1.2041875, -1.1688545, 3.892001, 
2934360077902, 3, 1.2712615, -1.4946425, 3.700361, 
2934379670194, 3, 0.6963415, -1.061057, 4.0812454, 
2934399872798, 3, -0.1372925, -1.5281795, 4.1387377, 
2934419465090, 3, -0.5589005, -1.2934206, 4.0572906, 
2934439728788, 3, -0.6930485, -0.9772145, 4.4980626, 
2934459321080, 3, -1.773419, 1.056565, 7.451714, 
2934479523684, 3, -0.8176145, 0.797851, 10.3095455, 
2934499115975, 3, 1.355104, -0.1387895, 13.126654, 
2934519440715, 3, -0.019913, 2.4579325, 17.85537, 
2934539032955, 3, -0.48464, 0.654121, 17.352316, 
2934558960975, 3, 0.4567915, -3.130769, 14.633423, 
2934578888944, 3, -0.743354, -1.669514, 14.547185, 
2934598481236, 3, -2.4225996, -1.415591, 13.390159, 
2934618836444, 3, -3.5053656, -0.030992, 12.285833, 
2934638428736, 3, -3.6299314, 1.114057, 10.726362, 
2934658661861, 3, -2.760365, 3.1957464, 10.273613, 
2934678254152, 3, -2.942423, 4.0485444, 9.138146, 
2934698517850, 3, -2.3938534, 1.6386715, 5.7006035, 
2934718110142, 3, -1.7470685, 0.309169, 4.6370015, 
2934738099152, 3, -2.520815, -0.2202365, 5.937758, 
2934758088163, 3, -2.223773, -0.2681465, 5.8107967, 
2934777680455, 3, -2.1830494, 0.788269, 5.080169, 
2934798005142, 3, -1.557824, 1.506919, 4.7663584, 
2934817597434, 3, -0.934994, 1.1164525, 5.3412786, 
2934837616965, 3, -0.72419, -0.241796, 6.6635947, 
2934857605975, 3, -1.212872, -0.35678, 8.484175, 
2934877198267, 3, -1.7997695, 0.304378, 9.782536, 
2934897645038, 3, -1.735091, 0.4744585, 10.180188, 
2934917237330, 3, -1.418885, 1.60753, 10.589819, 
2934937287382, 3, -2.578307, 4.2928853, 12.235527, 
2934956879673, 3, -4.3006716, 3.0615985, 13.502747, 
2934977204361, 3, -5.285222, -1.262279, 13.917169, 
2934996796652, 3, -4.834868, -1.1976005, 14.322008, 
2935017182382, 3, -3.8838544, 0.07441, 13.938728, 
2935036774673, 3, -3.306539, -0.6226805, 12.709837, 
2935056763684, 3, -3.1268766, -1.305398, 11.701331, 
2935076722173, 3, -2.9064906, -0.8670215, 11.133597, 
2935096314465, 3, -3.0406384, -0.0142235, 10.331105, 
2935116425559, 3, -2.846603, 0.5798605, 9.600477, 
2935136017850, 3, -2.525606, 0.625375, 8.793194, 
2935156280904, 3, -2.343548, 0.860134, 8.00747, 
2935175873300, 3, -2.089625, 1.339234, 7.38464, 
2935196106477, 3, -2.051297, 1.1978995, 6.7354593, 
2935215887519, 3, -2.0441105, 1.1212435, 6.210845, 
2935236181685, 3, -2.0393195, 1.2314365, 5.8682885, 
2935255773977, 3, -2.022551, 1.123639, 5.6479025, 
2935276098664, 3, -2.1638856, 1.046983, 6.0599284, 
2935295690956, 3, -2.099207, 0.9918865, 6.6492214, 
2935315649446, 3, -1.979432, 1.3176745, 7.2720513, 
2935335577467, 3, -2.175863, 1.756051, 8.074544, 
2935355169706, 3, -2.5375836, 2.1033986, 9.145332, 
2935375433404, 3, -2.7052684, 2.61364, 9.95022, 
2935395025696, 3, -3.105317, 2.6543634, 10.292777, 
2935415380904, 3, -3.1676, 2.5920806, 10.716781, 
2935434973196, 3, -3.028661, 2.8364215, 11.145575, 
2935454962206, 3, -2.611844, 3.1622095, 11.200671, 
2935474951217, 3, -2.2501235, 2.795698, 10.714385, 
2935494543508, 3, -2.482487, 2.752579, 10.7311535, 
2935514837675, 3, -1.294319, 2.1321445, 10.630543, 
2935534429967, 3, -1.4691905, 1.952482, 11.076105, 
2935554663144, 3, -1.725509, 2.0554886, 11.536041, 
2935574255435, 3, -1.715927, 1.5811795, 11.279723, 
2935594519081, 3, -0.6211835, 1.157176, 10.47723, 
2935614111373, 3, -0.6259745, 0.965536, 10.007712, 
2935634344550, 3, -0.2906045, 0.7044265, 9.705879, 
2935653936842, 3, 0.339412, 0.1438795, 9.245943, 
2935674200487, 3, -0.034286, 0.692449, 9.380092, 
2935693792779, 3, -0.125315, 1.238623, 9.581313, 
2935713781789, 3, -0.5109905, 1.3080925, 9.425606, 
2935733770800, 3, -0.5493185, 0.9847, 8.920156, 
2935753363092, 3, -0.331328, 0.8289925, 8.584785, 
2935773626737, 3, -0.2858135, 1.2362275, 8.615927, 
2935793219029, 3, -0.489431, 1.688977, 8.51292, 
2935813421685, 3, -0.666698, 1.842289, 8.299721, 
2935833013977, 3, -0.566087, 1.8351026, 8.297325, 
2935853308144, 3, -0.38882, 1.7536556, 8.48657, 
2935872900435, 3, -0.499013, 1.684186, 8.589577, 
2935893133612, 3, -0.6451385, 1.526083, 8.637486, 
2935912725904, 3, -0.709817, 1.439845, 8.836313, 
2935932959029, 3, -0.681071, 1.617112, 9.080654, 
